# source path	new path	type (stardust:replica URL mapping: /en/home/<path>.html → /<path>; path-safety normalised)
/en/home.html	/	landing
/en/home/about/holiday-hours.html	/about/holiday-hours	static
/en/home/about.html	/about	hub
/en/home/about/meet-our-team.html	/about/meet-our-team	hub
/en/home/about/sponsors---partners.html	/about/sponsors-partners	program
/en/home/about/usta-national-campus-scholarship.html	/about/usta-national-campus-scholarship	program
/en/home/calendar.html	/calendar	hub
/en/home/collegiate/events.html	https://usta.com/college	redirect-external (source 301s to usta.com/college; mirrored 2026-09-19)
/en/home/connect.html	/connect	hub
/en/home/events/2026-bnp-paribas-world-team-cup.html	/events/2026-bnp-paribas-world-team-cup	program
/en/home/events/collegiate.html	/events/collegiate	listing
/en/home/events.html	/events	hub
/en/home/news/2019-collegiate-winter-wild-card.html	/news/2019-collegiate-winter-wild-card	article
/en/home/news/campus-pro-shop.html	/news/campus-pro-shop	article
/en/home/news/holiday-hours.html	/news/holiday-hours	static
/en/home/news.html	/news	listing
/en/home/news/masteruhistory.html	/news/masteruhistory	article
/en/home/news/national-campus-program-policies.html	/news/national-campus-program-policies	article
/en/home/play/book-a-court.html	/play/book-a-court	program
/en/home/play/court-booking.html	/play/court-booking	program
/en/home/play/davebailey.html	/play/davebailey	program
/en/home/play/events-and-leagues.html	/play/events-and-leagues	article
/en/home/play/free30.html	/play/free30	program
/en/home/play.html	/play	hub
/en/home/play/nemours-family-zone.html	/play/programs/junior-tennis-programs	redirect
/en/home/play/pickleball.html	/play/pickleball	program
/en/home/play/play-padel.html	/play/play-padel	program
/en/home/play/private-lessons.html	/play/private-lessons	program
/en/home/play/programs/adult-tennis.html	/play/programs/adult-tennis	program
/en/home/play/programs.html	/play/programs	program
/en/home/play/programs/junior-tennis-programs.html	/play/programs/junior-tennis-programs	program
/en/home/play/tennis/adult-camps.html	/play/tennis/adult-camps	program
/en/home/play/tennis/adult-red-ball.html	/play/tennis/adult-red-ball	program
/en/home/play/tennis.html	/play/tennis	listing
/en/home/play/tennis/junior-programming-welcome-letter.html	/play/tennis/junior-programming-welcome-letter	program
/en/home/play/tennis/summer-camps.html	/play/tennis/summer-camps	hub
/en/home/visit/health-and-wellness/breakfast--the-most-important-meal-of-the-day.html	/visit/health-and-wellness/breakfast-the-most-important-meal-of-the-day	article
/en/home/visit/health-and-wellness/fluid-loss-and-body-weight.html	/visit/health-and-wellness/fluid-loss-and-body-weight	article
/en/home/visit/health-and-wellness.html	/visit/health-and-wellness	listing
/en/home/visit/health-and-wellness/hydration-matters.html	/visit/health-and-wellness/hydration-matters	article
/en/home/visit/health-and-wellness/macronutrient-breakdown--carbohydrates.html	/visit/health-and-wellness/macronutrient-breakdown-carbohydrates	article
/en/home/visit/health-and-wellness/macronutrient-breakdown.html	/visit/health-and-wellness/macronutrient-breakdown	article
/en/home/visit/health-and-wellness/nutrition-for-recovery.html	/visit/health-and-wellness/nutrition-for-recovery	article
/en/home/visit/health-and-wellness/nutrition-for-tennis.html	/visit/health-and-wellness/nutrition-for-tennis	article
/en/home/visit/health-and-wellness/sleep-matters.html	/visit/health-and-wellness/sleep-matters	article
/en/home/visit/health-and-wellness/strength-and-conditioning.html	/visit/health-and-wellness/strength-and-conditioning	article
/en/home/visit.html	/visit	listing
/en/home/visit/sustainability.html	/visit/sustainability	listing
/en/home/watch.html	/watch	program
/en/home/watch/save-my-play.html	/watch/save-my-play	program
/en/home/news/national-rollers.html	/news/national-rollers	article(wave2)
/en/home/news/family-zone-construction-latest-updates.html	/news/family-zone-construction-latest-updates	article(wave2)
/en/home/news/BJKTicketSweepstakes.html	/news/bjkticketsweepstakes	article(wave2)
/en/home/news/5YearAnniversary.html	/news/5yearanniversary	article(wave2)
/en/home/news/UCFMichiganFanFest.html	/news/ucfmichiganfanfest	article(wave2)
/en/home/news/2022-spring-break-tennis.html	/news/2022-spring-break-tennis	article(wave2)
/en/home/news/collegematchdayhistory.html	/news/collegematchdayhistory	article(wave2)
/en/home/news/BJKAnnouncement.html	/news/bjkannouncement	article(wave2)
/en/home/news/air-force-and-army-deliver-special-night.html	/news/air-force-and-army-deliver-special-night	article(wave2)
/en/home/news/2022-florida-vs--florida-state.html	/news/2022-florida-vs-florida-state	article(wave2)
/en/home/news/2021-usta-fl-mixed-18---over-6-0-10-0-sectional-championships/2022-special-olympics-florida-state-tennis-championships0.html	/news/2021-usta-fl-mixed-18-over-6-0-10-0-sectional-championships/2022-special-olympics-florida-state-tennis-championships0	article(wave2)
/en/home/news/fan-guide---air-force-vs-army-2022.html	/news/fan-guide-air-force-vs-army-2022	article(wave2)
/en/home/news/AnnouncingDavidBailey.html	/news/announcingdavidbailey	article(wave2)
/en/home/news/2021-usta-national-doubles-championships.html	/news/2021-usta-national-doubles-championships	article(wave2)
/en/home/news/sign-up-now-for-the-usta-campus-box-league-.html	/news/sign-up-now-for-the-usta-campus-box-league	article(wave2)
/en/home/news/fan-guide---florida-vs-florida-state-2022.html	/news/fan-guide-florida-vs-florida-state-2022	article(wave2)
/en/home/news/six-duos-earn-gold-balls-at-2021-usta-national-doubles-champions.html	/news/six-duos-earn-gold-balls-at-2021-usta-national-doubles-champions	article(wave2)
/en/home/news/three-titles-claimed-at-2021-usta-fl-adult-18---over-2-5-4-0-sec.html	/news/three-titles-claimed-at-2021-usta-fl-adult-18-over-2-5-4-0-sec	article(wave2)
/en/home/news/2021-usta-fl-mixed-18---over-6-0-10-0-sectional-championships.html	/news/2021-usta-fl-mixed-18-over-6-0-10-0-sectional-championships	article(wave2)
/en/home/news/four-regions-take-titles-at-2021-usta-fl-adult-18---over-3-0-4-5.html	/news/four-regions-take-titles-at-2021-usta-fl-adult-18-over-3-0-4-5	article(wave2)
/en/home/news/FreeRacquetSportsIntroSession.html	/news/freeracquetsportsintrosession	article(wave2)
/en/home/news/2021-usta-fl-adult-18---over-3-0-4-5-sectional-championships.html	/news/2021-usta-fl-adult-18-over-3-0-4-5-sectional-championships	article(wave2)
/en/home/news/2021-usta-fl-adult-18---over-3-5-5-0-sectional-championships.html	/news/2021-usta-fl-adult-18-over-3-5-5-0-sectional-championships	article(wave2)
/en/home/news/broward--orange-seminole-dominate-at-usta-fl-adult-40---over-2-5.html	/news/broward-orange-seminole-dominate-at-usta-fl-adult-40-over-2-5	article(wave2)
/en/home/news/2021-usta-fl-adult-40---over-2-5-3-5-4-5-sectional-championships.html	/news/2021-usta-fl-adult-40-over-2-5-3-5-4-5-sectional-championships	article(wave2)
/en/home/news/champions-crowned-at-2021-usta-fl-adult-40---over-3-0-4-0-5-0-se.html	/news/champions-crowned-at-2021-usta-fl-adult-40-over-3-0-4-0-5-0-se	article(wave2)
/en/home/news/2021-usta-fl-adult-40---over-3-0-4-0-5-0-sectional-championships.html	/news/2021-usta-fl-adult-40-over-3-0-4-0-5-0-sectional-championships	article(wave2)
/en/home/news/2021-mens-qf-session-two-photos.html	/news/2021-mens-qf-session-two-photos	article(wave2)
/en/home/news/secord-takes-singles-title--alvarez-and-cozad-team-up-for-double.html	/news/secord-takes-singles-title-alvarez-and-cozad-team-up-for-double	article(wave2)
/en/home/news/champions-crowned-at-2021-usta-flmixed-40---over-6-0-7-0-8-0-9-0.html	/news/champions-crowned-at-2021-usta-flmixed-40-over-6-0-7-0-8-0-9-0	article(wave2)
/en/home/news/2021-usta-fl-mixed-40---over-6-0-7-0-8-0-9-0-sectional-champions.html	/news/2021-usta-fl-mixed-40-over-6-0-7-0-8-0-9-0-sectional-champions	article(wave2)
/en/home/news/2021-mens-semifinal-photos.html	/news/2021-mens-semifinal-photos	article(wave2)
/en/home/news/2021-womens-qf-session-two-photos.html	/news/2021-womens-qf-session-two-photos	article(wave2)
/en/home/news/2021-mens-qf-session-one-photos.html	/news/2021-mens-qf-session-one-photos	article(wave2)
/en/home/news/2021-ncaa-tickets/2021-womens-qf-session-one-photos.html	/news/2021-ncaa-tickets/2021-womens-qf-session-one-photos	article(wave2)
/en/home/news/2021-womens-semifinal-photos.html	/news/2021-womens-semifinal-photos	article(wave2)
/en/home/news/2021-mens-round-of-16-7-pm-photos.html	/news/2021-mens-round-of-16-7-pm-photos	article(wave2)
/en/home/news/2021-mens-round-of-16-4-pm-matches.html	/news/2021-mens-round-of-16-4-pm-matches	article(wave2)
/en/home/news/2021-mens-round-of-16-1-pm-photos.html	/news/2021-mens-round-of-16-1-pm-photos	article(wave2)
/en/home/news/2021-mens-round-of-16-10-am-photos.html	/news/2021-mens-round-of-16-10-am-photos	article(wave2)
/en/home/news/2021-ncaa-coverage.html	/news/2021-ncaa-coverage	article(wave2)
/en/home/news/2021-womens-round-of-16-1-pm-photos.html	/news/2021-womens-round-of-16-1-pm-photos	article(wave2)
/en/home/news/2021-womens-round-of-16-10-am-photos/2021-womens-round-of-16-4-pm-photos.html	/news/2021-womens-round-of-16-10-am-photos/2021-womens-round-of-16-4-pm-photos	article(wave2)
/en/home/news/2021-womens-round-of-16-10-am-photos.html	/news/2021-womens-round-of-16-10-am-photos	article(wave2)
/en/home/news/2021-usta-florida-55---over-7-0-9-0-sectional-championships.html	/news/2021-usta-florida-55-over-7-0-9-0-sectional-championships	article(wave2)
/en/home/news/2021-womens-round-of-16-7-pm-photos.html	/news/2021-womens-round-of-16-7-pm-photos	article(wave2)
/en/home/news/knockout-stages-set-for-monday-at-usta-fl-55---over-6-0-8-0-sect/trio-of-team-champions-crowned-at-usta-fl-55---over-6-0-8-0-sect.html	/news/knockout-stages-set-for-monday-at-usta-fl-55-over-6-0-8-0-sect/trio-of-team-champions-crowned-at-usta-fl-55-over-6-0-8-0-sect	article(wave2)
/en/home/news/knockout-stages-set-for-monday-at-usta-fl-55---over-6-0-8-0-sect.html	/news/knockout-stages-set-for-monday-at-usta-fl-55-over-6-0-8-0-sect	article(wave2)
/en/home/news/brooksby-downs-kudla-for-singles-title-at-orlando-open-presented.html	/news/brooksby-downs-kudla-for-singles-title-at-orlando-open-presented	article(wave2)
/en/home/news/marion--pinellas-dominate-day-two-of-usta-fl-65---over-sectional.html	/news/marion-pinellas-dominate-day-two-of-usta-fl-65-over-sectional	article(wave2)
/en/home/news/flight-play-kicks-off-at-usta-fl-55---over-6-0-8-0-sectional-cha.html	/news/flight-play-kicks-off-at-usta-fl-55-over-6-0-8-0-sectional-cha	article(wave2)
/en/home/news/2021-usta-florida-55---over-6-0-8-0-sectional-championships.html	/news/2021-usta-florida-55-over-6-0-8-0-sectional-championships	article(wave2)
/en/home/news/2021-ncaa-tickets.html	/news/2021-ncaa-tickets	article(wave2)
/en/home/news/brooksby-to-face-kudla-in-final-of-orlando-open-presented-by-nem.html	/news/brooksby-to-face-kudla-in-final-of-orlando-open-presented-by-nem	article(wave2)
/en/home/news/brooksby--harrison---kudla-into-semis-of-orlando-open-presented-.html	/news/brooksby-harrison-kudla-into-semis-of-orlando-open-presented	article(wave2)
/en/home/news/saturday-kicked-off-match-play-at-the-usta-fl-65---over-sectiona.html	/news/saturday-kicked-off-match-play-at-the-usta-fl-65-over-sectiona	article(wave2)
/en/home/news/five-divisions-in-action-at-the-usta-fl-adult-65---over-sectiona.html	/news/five-divisions-in-action-at-the-usta-fl-adult-65-over-sectiona	article(wave2)
/en/home/news/six-americans-reach-quarterfinal-stage-at-orlando-open-presented.html	/news/six-americans-reach-quarterfinal-stage-at-orlando-open-presented	article(wave2)
/en/home/news/busy-day-of-doubles-action-at-orlando-open-presented-by-nemours.html	/news/busy-day-of-doubles-action-at-orlando-open-presented-by-nemours	article(wave2)
/en/home/news/singles-opening-round-complete-at-orlando-open-presented-by-nemo.html	/news/singles-opening-round-complete-at-orlando-open-presented-by-nemo	article(wave2)
/en/home/news/qualifiers-secure-main-draw-spots-at-orlando-open-presented-by-n.html	/news/qualifiers-secure-main-draw-spots-at-orlando-open-presented-by-n	article(wave2)
/en/home/news/main-draw-play-starts-monday-at-orlando-open-presented-by-nemour.html	/news/main-draw-play-starts-monday-at-orlando-open-presented-by-nemour	article(wave2)
/en/home/news/divisional-victors-crowned-at-2021-ntrp-50---over-national-singl.html	/news/divisional-victors-crowned-at-2021-ntrp-50-over-national-singl	article(wave2)
/en/home/news/rain-disrupts-play--alters-schedule-at-2021-ntrp-50---over-natio.html	/news/rain-disrupts-play-alters-schedule-at-2021-ntrp-50-over-natio	article(wave2)
/en/home/news/group-play-highlights-day-one-of-2021-ntrp-50---over-national-si.html	/news/group-play-highlights-day-one-of-2021-ntrp-50-over-national-si	article(wave2)
/en/home/news/2021-ntrp-50---over-national-singles-championships.html	/news/2021-ntrp-50-over-national-singles-championships	article(wave2)
/en/home/news/duos-earn-division-crowns-at-2021-racquet-war-tournament-series-.html	/news/duos-earn-division-crowns-at-2021-racquet-war-tournament-series	article(wave2)
/en/home/news/singles-champions-highlight-final-day-of-usta-fl-l6-national-cam.html	/news/singles-champions-highlight-final-day-of-usta-fl-l6-national-cam	article(wave2)
/en/home/news/busy-first-day-of-play-at-the-usta-fl-level-6-usta-national-camp.html	/news/busy-first-day-of-play-at-the-usta-fl-level-6-usta-national-camp	article(wave2)
/en/home/news/2021-spring-break-recap.html	/news/2021-spring-break-recap	article(wave2)
/en/home/news/divisional-titles-to-be-decided-sunday-at-2021-racquet-war-tourn.html	/news/divisional-titles-to-be-decided-sunday-at-2021-racquet-war-tourn	article(wave2)
/en/home/news/waterfall-portion-of-2021-racquet-war-tournament-series-orlando-.html	/news/waterfall-portion-of-2021-racquet-war-tournament-series-orlando	article(wave2)
/en/home/news/2021-racquet-war-tournament-series-orlando.html	/news/2021-racquet-war-tournament-series-orlando	article(wave2)
/en/home/news/2021-usta-fl-level-6-usta-national-campus-spring-jamboree.html	/news/2021-usta-fl-level-6-usta-national-campus-spring-jamboree	article(wave2)
/en/home/news/busy-day-two-across-all-divisions-at-2021-wtt-national-qualifier.html	/news/busy-day-two-across-all-divisions-at-2021-wtt-national-qualifier	article(wave2)
/en/home/news/play-kicks-off-at-2021-wtt-national-qualifier-orlando.html	/news/play-kicks-off-at-2021-wtt-national-qualifier-orlando	article(wave2)
/en/home/news/four-champions-crowned-on-finals-day-at-2021-usta-fl-march-level.html	/news/four-champions-crowned-on-finals-day-at-2021-usta-fl-march-level	article(wave2)
/en/home/news/2021-usta-fl-march-level-4-championships-to-begin-saturday.html	/news/2021-usta-fl-march-level-4-championships-to-begin-saturday	article(wave2)
/en/home/news/finals-set-for-monday-morning-at-2021-usta-fl-march-level-4-cham.html	/news/finals-set-for-monday-morning-at-2021-usta-fl-march-level-4-cham	article(wave2)
/en/home/news/main-draws-reach-quarterfinal-stage-at-2021-usta-fl-march-level-.html	/news/main-draws-reach-quarterfinal-stage-at-2021-usta-fl-march-level	article(wave2)
/en/home/news/trio-of-titles-earned-sunday-at-usta-fl-combo-18---over-5-5-7-5-.html	/news/trio-of-titles-earned-sunday-at-usta-fl-combo-18-over-5-5-7-5	article(wave2)
/en/home/news/alachua--hillsborough-join-winners-at-usta-fl-combo-18---over-5-.html	/news/alachua-hillsborough-join-winners-at-usta-fl-combo-18-over-5	article(wave2)
/en/home/news/opening-day-kicks-off-at-usta-fl-combo-18---over-5-5-7-5-9-5-sec.html	/news/opening-day-kicks-off-at-usta-fl-combo-18-over-5-5-7-5-9-5-sec	article(wave2)
/en/home/news/five-divisional-titles-on-the-line-at-usta-fl-combo-18---over-5-.html	/news/five-divisional-titles-on-the-line-at-usta-fl-combo-18-over-5	article(wave2)
/en/home/news/2021-spring-break-tennis.html	/news/2021-spring-break-tennis	article(wave2)
/en/home/news/alachua--hillsborough-join-winner-s-circle-at-usta-fl-combo-18--.html	/news/alachua-hillsborough-join-winner-s-circle-at-usta-fl-combo-18	article(wave2)
/en/home/news/broward---pinellas-prevail-on-day-two-at-usta-fl-combo-18---over.html	/news/broward-pinellas-prevail-on-day-two-at-usta-fl-combo-18-over	article(wave2)
/en/home/news/swan-wins-eighth-singles-title-at-itf-w25-orlando-event.html	/news/swan-wins-eighth-singles-title-at-itf-w25-orlando-event	article(wave2)
/en/home/news/first-round-in-the-books-at-itf-w25-orlando.html	/news/first-round-in-the-books-at-itf-w25-orlando	article(wave2)
/en/home/news/anderson-to-play-for-singles-title-at-itf-w25-orlando-event.html	/news/anderson-to-play-for-singles-title-at-itf-w25-orlando-event	article(wave2)
/en/home/news/four-titles-at-stake-this-weekend-at-usta-fl-combo-18---over-6-5.html	/news/four-titles-at-stake-this-weekend-at-usta-fl-combo-18-over-6-5	article(wave2)
/en/home/news/busy-opening-day-of-action-at-usta-fl-combo-18---over-6-5-8-5-se.html	/news/busy-opening-day-of-action-at-usta-fl-combo-18-over-6-5-8-5-se	article(wave2)
/en/home/news/anderson-and-liu-reach-semifinals-at-itf-w25-orlando-event.html	/news/anderson-and-liu-reach-semifinals-at-itf-w25-orlando-event	article(wave2)
/en/home/news/three-americans-into-the-quarterfinals-at-the-itf-w25-orlando-ev.html	/news/three-americans-into-the-quarterfinals-at-the-itf-w25-orlando-ev	article(wave2)
/en/home/news/main-draw-singles-begins-wednesday-at-itf-w25-orlando-event.html	/news/main-draw-singles-begins-wednesday-at-itf-w25-orlando-event	article(wave2)
/en/home/news/2021SpringBreakCamp.html	/news/2021springbreakcamp	article(wave2)
/en/home/news/all-five-titles-decided-on-saturday-at-usta-fl-combo-50---over-s.html	/news/all-five-titles-decided-on-saturday-at-usta-fl-combo-50-over-s	article(wave2)
/en/home/news/anisimova-highlights-singles-field-at-itf-w25-orlando-event.html	/news/anisimova-highlights-singles-field-at-itf-w25-orlando-event	article(wave2)
/en/home/news/three-divisions-in-action-friday-at-usta-fl-combo-50---over-sect.html	/news/three-divisions-in-action-friday-at-usta-fl-combo-50-over-sect	article(wave2)
/en/home/news/five-titles-on-the-line-at-usta-fl-combo-50---over-sectional-cha.html	/news/five-titles-on-the-line-at-usta-fl-combo-50-over-sectional-cha	article(wave2)
/en/home/news/usta-fl-mixed-18---over-7-0-9-0-sectional-championships.html	/news/usta-fl-mixed-18-over-7-0-9-0-sectional-championships	article(wave2)
/en/home/news/ucf-season-information-2021.html	/news/ucf-season-information-2021	article(wave2)
/en/home/news/alachua-7-0--broward-9-0-earn-titles-at-usta-fl-mixed-18---over-.html	/news/alachua-7-0-broward-9-0-earn-titles-at-usta-fl-mixed-18-over	article(wave2)
/en/home/news/quick-opening-day-of-play-at-usta-fl-mixed-18---over-7-0-9-0-sec.html	/news/quick-opening-day-of-play-at-usta-fl-mixed-18-over-7-0-9-0-sec	article(wave2)
/en/home/news/rain-forces-play-indoors-at-usta-fl-mixed-18---over-7-0-9-0-sect.html	/news/rain-forces-play-indoors-at-usta-fl-mixed-18-over-7-0-9-0-sect	article(wave2)
/en/home/news/owb-takes-8-0-crown-at-usta-fl-mixed-18---over-and-mixed-55---ov.html	/news/owb-takes-8-0-crown-at-usta-fl-mixed-18-over-and-mixed-55-ov	article(wave2)
/en/home/news/three-divisional-titles-claimed-at-usta-fl-mixed-18---over-and-m.html	/news/three-divisional-titles-claimed-at-usta-fl-mixed-18-over-and-m	article(wave2)
/en/home/news/first-day-in-the-books-at-usta-fl-mixed-18---over-and-mixed-55--.html	/news/first-day-in-the-books-at-usta-fl-mixed-18-over-and-mixed-55	article(wave2)
/en/home/news/1DayCrashCourse.html	/news/1daycrashcourse	article(wave2)
/en/home/news/usta-fl-mixed-18---over-6-0-8-0-10-0-and-mixed-55---over-7-0-sec.html	/news/usta-fl-mixed-18-over-6-0-8-0-10-0-and-mixed-55-over-7-0-sec	article(wave2)
/en/home/news/2020HolidayHours.html	/news/2020holidayhours	article(wave2)
/en/home/news/hillsborough--orange-seminole-own-the-day-at-2020-usta-fl-18---o.html	/news/hillsborough-orange-seminole-own-the-day-at-2020-usta-fl-18-o	article(wave2)
/en/home/news/hillsborough-wins-4-5-women-s-title-at-2020-usta-fl-18---over-se.html	/news/hillsborough-wins-4-5-women-s-title-at-2020-usta-fl-18-over-se	article(wave2)
/en/home/news/rain-extends-opening-day-of-usta-fl-18---over-men-s-4-0---women-.html	/news/rain-extends-opening-day-of-usta-fl-18-over-men-s-4-0-women	article(wave2)
/en/home/news/2020HolidayProgramming.html	/news/2020holidayprogramming	article(wave2)
/en/home/news/2020-usta-fl-18---over-men-s-4-0---women-s-2-5-3-0-4-5-sectional.html	/news/2020-usta-fl-18-over-men-s-4-0-women-s-2-5-3-0-4-5-sectional	article(wave2)
/en/home/news/women-s-3-5-division-back-in-action-at-2020-usta-fl-18---over-se.html	/news/women-s-3-5-division-back-in-action-at-2020-usta-fl-18-over-se	article(wave2)
/en/home/news/orange-seminole-3-5-women-prevail-at-2020-usta-fl-18---over-sect.html	/news/orange-seminole-3-5-women-prevail-at-2020-usta-fl-18-over-sect	article(wave2)
/en/home/news/three-more-teams-earn-titles-monday-at-2020-usta-fl-18---over-se.html	/news/three-more-teams-earn-titles-monday-at-2020-usta-fl-18-over-se	article(wave2)
/en/home/news/hillsborough-4-5-men-win-title-at-2020-usta-fl-18---over-3-0-3-5.html	/news/hillsborough-4-5-men-win-title-at-2020-usta-fl-18-over-3-0-3-5	article(wave2)
/en/home/news/nakashima-reaches-new-heights-at-2020-orlando-open.html	/news/nakashima-reaches-new-heights-at-2020-orlando-open	article(wave2)
/en/home/news/2020-usta-fl-18---over-men-s-3-0-3-5-4-5---women-s-3-5-4-0-secti.html	/news/2020-usta-fl-18-over-men-s-3-0-3-5-4-5-women-s-3-5-4-0-secti	article(wave2)
/en/home/news/men-s-4-5-division-underway-at-2020-usta-fl-18---over-3-0-3-5-4-.html	/news/men-s-4-5-division-underway-at-2020-usta-fl-18-over-3-0-3-5-4	article(wave2)
/en/home/news/three-divisions-in-action-saturday-at-2020-usta-fl-18---over-3-0.html	/news/three-divisions-in-action-saturday-at-2020-usta-fl-18-over-3-0	article(wave2)
/en/home/news/krueger-shines-on-friday-at-2020-orlando-open.html	/news/krueger-shines-on-friday-at-2020-orlando-open	article(wave2)
/en/home/news/nakashima-makes-first-challenger-final-at-2020-orlando-open.html	/news/nakashima-makes-first-challenger-final-at-2020-orlando-open	article(wave2)
/en/home/news/nakashima-ousts-top-seed-monteiro-at-2020-orlando-open.html	/news/nakashima-ousts-top-seed-monteiro-at-2020-orlando-open	article(wave2)
/en/home/news/kudla--eubanks-into-quarterfinals-of-2020-orlando-open.html	/news/kudla-eubanks-into-quarterfinals-of-2020-orlando-open	article(wave2)
/en/home/news/winners-determined-at-usta-fl-65---over-sectional-invitational.html	/news/winners-determined-at-usta-fl-65-over-sectional-invitational	article(wave2)
/en/home/news/americans-score-big-upsets-tuesday-at-orlando-open.html	/news/americans-score-big-upsets-tuesday-at-orlando-open	article(wave2)
/en/home/news/two-winners-crowned-at-usta-fl-40---over-sectional-and-65---over.html	/news/two-winners-crowned-at-usta-fl-40-over-sectional-and-65-over	article(wave2)
/en/home/news/day-two-concludes-sunday-evening-at-usta-fl-40---over-3-0-4-0-an.html	/news/day-two-concludes-sunday-evening-at-usta-fl-40-over-3-0-4-0-an	article(wave2)
/en/home/news/singles-opening-round-underway-at-2020-orlando-open-.html	/news/singles-opening-round-underway-at-2020-orlando-open	article(wave2)
/en/home/news/montgomery--parks-to-clash-for-singles-title-at-2020-itf-w25-orl.html	/news/montgomery-parks-to-clash-for-singles-title-at-2020-itf-w25-orl	article(wave2)
/en/home/news/parks-earns-sweep-of-titles-at-2020-itf-w25-orlando-event.html	/news/parks-earns-sweep-of-titles-at-2020-itf-w25-orlando-event	article(wave2)
/en/home/news/2020-orlando-open-presented-by-nemours.html	/news/2020-orlando-open-presented-by-nemours	article(wave2)
/en/home/news/eight-americans-into-second-round-of-2020-itf-w25-orlando.html	/news/eight-americans-into-second-round-of-2020-itf-w25-orlando	article(wave2)
/en/home/news/both-40---over-divisions-in-action-at-usta-fl-40---over-3-0-4-0-.html	/news/both-40-over-divisions-in-action-at-usta-fl-40-over-3-0-4-0	article(wave2)
/en/home/news/six-americans-through-to-singles-quarters-at-2020-itf-w25-orland.html	/news/six-americans-through-to-singles-quarters-at-2020-itf-w25-orland	article(wave2)
/en/home/news/qualifying-complete--main-draw-underway-at-2020-itf-w25-orlando.html	/news/qualifying-complete-main-draw-underway-at-2020-itf-w25-orlando	article(wave2)
/en/home/news/main-draw-play-finally-set-to-begin-at-2020-itf-w25-orlando.html	/news/main-draw-play-finally-set-to-begin-at-2020-itf-w25-orlando	article(wave2)
/en/home/news/2020-usta-fl-40---over-women-s-3-0-4-0-sectional-championships-a.html	/news/2020-usta-fl-40-over-women-s-3-0-4-0-sectional-championships-a	article(wave2)
/en/home/news/men-s-3-5--women-s-2-5-winners-crowned-at-2020-usta-fl-40---over.html	/news/men-s-3-5-women-s-2-5-winners-crowned-at-2020-usta-fl-40-over	article(wave2)
/en/home/news/all-three-divisions-compete-on-day-two-of-2020-usta-fl-40---over.html	/news/all-three-divisions-compete-on-day-two-of-2020-usta-fl-40-over	article(wave2)
/en/home/news/men-s-3-5-division-underway-at-2020-usta-fl-40---over-2-5-3-5-se.html	/news/men-s-3-5-division-underway-at-2020-usta-fl-40-over-2-5-3-5-se	article(wave2)
/en/home/news/miami-dade-joins-winner-s-circle-at-2020-usta-fl-40---over-3-0-4.html	/news/miami-dade-joins-winner-s-circle-at-2020-usta-fl-40-over-3-0-4	article(wave2)
/en/home/news/2020-usta-fl-40---over-men-s-3-5---women-s-2-5-3-5-sectional-cha.html	/news/2020-usta-fl-40-over-men-s-3-5-women-s-2-5-3-5-sectional-cha	article(wave2)
/en/home/news/broward-earns-two-titles--orange-seminole-one-at-usta-fl-40---ov.html	/news/broward-earns-two-titles-orange-seminole-one-at-usta-fl-40-ov	article(wave2)
/en/home/news/men-s-4-0-division-underway-at-2020-usta-fl-40---over-3-0-4-0-4-.html	/news/men-s-4-0-division-underway-at-2020-usta-fl-40-over-3-0-4-0-4	article(wave2)
/en/home/news/all-four-divisions-in-action-on-saturday-at-2020-usta-fl-40---ov.html	/news/all-four-divisions-in-action-on-saturday-at-2020-usta-fl-40-ov	article(wave2)
/en/home/news/krueger-dominates-final-day-of-2020-itf-j4-orlando.html	/news/krueger-dominates-final-day-of-2020-itf-j4-orlando	article(wave2)
/en/home/news/hamner---krueger-go-for-sweep-friday-at-2020-itf-j4-orlando.html	/news/hamner-krueger-go-for-sweep-friday-at-2020-itf-j4-orlando	article(wave2)
/en/home/news/hamner--krueger--shick-looking-for-sweep-at-itf-j4-orlando.html	/news/hamner-krueger-shick-looking-for-sweep-at-itf-j4-orlando	article(wave2)
/en/home/news/2020-usta-fl-40---over-men-s-3-0-4-0-4-5----women-s-4-5--section.html	/news/2020-usta-fl-40-over-men-s-3-0-4-0-4-5-women-s-4-5-section	article(wave2)
/en/home/news/singles-quarterfinals-set-for-wednesday-at-2020-itf-j4-orlando.html	/news/singles-quarterfinals-set-for-wednesday-at-2020-itf-j4-orlando	article(wave2)
/en/home/news/singles-opening-round-complete-at-2020-itf-j4-orlando.html	/news/singles-opening-round-complete-at-2020-itf-j4-orlando	article(wave2)
/en/home/news/marion--orange-seminole-win-7-0-crowns-at-2020-usta-fl-55---over.html	/news/marion-orange-seminole-win-7-0-crowns-at-2020-usta-fl-55-over	article(wave2)
/en/home/news/main-draw-begins-monday-at-itf-j4-orlando.html	/news/main-draw-begins-monday-at-itf-j4-orlando	article(wave2)
/en/home/news/action-kicked-off-with-busy-saturday-at-2020-usta-fl-55---over-7.html	/news/action-kicked-off-with-busy-saturday-at-2020-usta-fl-55-over-7	article(wave2)
/en/home/news/hillsborough-sweeps-9-0-titles-at-2020-usta-fl-55---over-7-0-9-0.html	/news/hillsborough-sweeps-9-0-titles-at-2020-usta-fl-55-over-7-0-9-0	article(wave2)
/en/home/news/opening-two-rounds-complete-at-2020-usta-fl--bobby-curtis--16s-1.html	/news/opening-two-rounds-complete-at-2020-usta-fl-bobby-curtis-16s-1	article(wave2)
/en/home/news/four-more-titles-on-the-line-at-the-2020-usta-fl-55---over-7-0-9.html	/news/four-more-titles-on-the-line-at-the-2020-usta-fl-55-over-7-0-9	article(wave2)
/en/home/news/no--1-seeds-toppled-on-sunday-at-2020-usta-fl--bobby-curtis--16s.html	/news/no-1-seeds-toppled-on-sunday-at-2020-usta-fl-bobby-curtis-16s	article(wave2)
/en/home/news/seeds-shine-in-divisional-finals-at-2020-usta-fl--bobby-curtis--.html	/news/seeds-shine-in-divisional-finals-at-2020-usta-fl-bobby-curtis	article(wave2)
/en/home/news/divisional-finals-set-for-monday-at-2020-usta-fl-55---over-6-0-8.html	/news/divisional-finals-set-for-monday-at-2020-usta-fl-55-over-6-0-8	article(wave2)
/en/home/news/irmsl-6-0-women--broward-8-0-men-prevail-at-2020-usta-fl-55---ov.html	/news/irmsl-6-0-women-broward-8-0-men-prevail-at-2020-usta-fl-55-ov	article(wave2)
/en/home/news/2020-usta-fl--bobby-curtis--16s-18s-junior-singles-championships.html	/news/2020-usta-fl-bobby-curtis-16s-18s-junior-singles-championships	article(wave2)
/en/home/news/women-s-8-0-division-underway-at-2020-usta-fl-55---over-6-0-8-0-.html	/news/women-s-8-0-division-underway-at-2020-usta-fl-55-over-6-0-8-0	article(wave2)
/en/home/news/brevard-wins-women-s-8-0-title-at-2020-usta-fl-55---over-6-0-8-0.html	/news/brevard-wins-women-s-8-0-title-at-2020-usta-fl-55-over-6-0-8-0	article(wave2)
/en/home/news/weather-disrupts-day-two-of-2020-usta-fl-mixed-40---over-7-0-9-0.html	/news/weather-disrupts-day-two-of-2020-usta-fl-mixed-40-over-7-0-9-0	article(wave2)
/en/home/news/broward-7-0-takes-divisional-title-at-2020-usta-fl-mixed-40---ov.html	/news/broward-7-0-takes-divisional-title-at-2020-usta-fl-mixed-40-ov	article(wave2)
/en/home/news/campus-hosts-fall-open-events-in-2020.html	/news/campus-hosts-fall-open-events-in-2020	article(wave2)
/en/home/news/volusia-6-0--broward-8-0-secure-titles-at-2020-usta-fl-mixed-40-.html	/news/volusia-6-0-broward-8-0-secure-titles-at-2020-usta-fl-mixed-40	article(wave2)
/en/home/news/2020-usta-fl-55---over-6-0-8-0-sectional-championships.html	/news/2020-usta-fl-55-over-6-0-8-0-sectional-championships	article(wave2)
/en/home/news/september-brings-events-back-to-campus.html	/news/september-brings-events-back-to-campus	article(wave2)
/en/home/news/opening-day-of-action-at-the-2020-usta-fl-mixed-40---over-7-0-9-.html	/news/opening-day-of-action-at-the-2020-usta-fl-mixed-40-over-7-0-9	article(wave2)
/en/home/news/2020-usta-fl-mixed-40---over-7-0-9-0-sectional-championships.html	/news/2020-usta-fl-mixed-40-over-7-0-9-0-sectional-championships	article(wave2)
/en/home/news/saturday-marks-return-to-play-with-2020-usta-fl-mixed-40---over-.html	/news/saturday-marks-return-to-play-with-2020-usta-fl-mixed-40-over	article(wave2)
/en/home/news/CampusProgramRegistrationChange.html	/news/campusprogramregistrationchange	article(wave2)
/en/home/news/campus-reopens-its-doors.html	/news/campus-reopens-its-doors	article(wave2)
/en/home/news/2020-usta-fl-mixed-40---over-6-0-8-0-sectional-championships.html	/news/2020-usta-fl-mixed-40-over-6-0-8-0-sectional-championships	article(wave2)
/en/home/news/2020-ita-summer-champs.html	/news/2020-ita-summer-champs	article(wave2)
/en/home/news/usta-all-american-match-play.html	/news/usta-all-american-match-play	article(wave2)
/en/home/news/usta-national-campus-awarded-itf-gold-level-status.html	/news/usta-national-campus-awarded-itf-gold-level-status	article(wave2)
/en/home/news/ita-summer-circuit-coming-to-campus.html	/news/ita-summer-circuit-coming-to-campus	article(wave2)
/en/home/news/sportsmanship-of-the-month-winners.html	/news/sportsmanship-of-the-month-winners	article(wave2)
/en/home/news/covid19-update.html	/news/covid19-update	article(wave2)
/en/home/news/2020-usta-florida-march-level-4-championships.html	/news/2020-usta-florida-march-level-4-championships	article(wave2)
/en/home/news/spring-break-tennis-podcast--live-broadcast-events-promote-tenni.html	/news/spring-break-tennis-podcast-live-broadcast-events-promote-tenni	article(wave2)
/en/home/news/campus-cruise-with-emilio-nava.html	/news/campus-cruise-with-emilio-nava	article(wave2)
/en/home/news/buckeyes-in-a-thriller-for-matchday.html	/news/buckeyes-in-a-thriller-for-matchday	article(wave2)
/en/home/news/2020-fan-guide-osu-vs-fsu.html	/news/2020-fan-guide-osu-vs-fsu	article(wave2)
/en/home/news/college-matchday-preview--florida-state--ohio-state-women-in-top.html	/news/college-matchday-preview-florida-state-ohio-state-women-in-top	article(wave2)
/en/home/news/2020-spring-break-tennis.html	/news/2020-spring-break-tennis	article(wave2)
/en/home/news/players-earn-berths-into-2021-ntrp-50---over-nationals-at-usta-f.html	/news/players-earn-berths-into-2021-ntrp-50-over-nationals-at-usta-f	article(wave2)
/en/home/news/usta-florida-tennis-on-campus-sectional-championship.html	/news/usta-florida-tennis-on-campus-sectional-championship	article(wave2)
/en/home/news/collegiatenews.html	/news/collegiatenews	article(wave2)
/en/home/news/usta-florida-ntrp-50---over-national-qualifier.html	/news/usta-florida-ntrp-50-over-national-qualifier	article(wave2)
/en/home/news/notre-dame-tops-usc-at-matchday-2020.html	/news/notre-dame-tops-usc-at-matchday-2020	article(wave2)
/en/home/news/college-matchday-preview--usc--notre-dame-women-bring-historic-r.html	/news/college-matchday-preview-usc-notre-dame-women-bring-historic-r	article(wave2)
/en/home/news/players-book-spots-in-2021-nationals-at-usta-fl-ntrp-18---over-q.html	/news/players-book-spots-in-2021-nationals-at-usta-fl-ntrp-18-over-q	article(wave2)
/en/home/news/champions-represented-four-usta-sections-at-the-national-65---ov.html	/news/champions-represented-four-usta-sections-at-the-national-65-ov	article(wave2)
/en/home/news/sunday-s-participants-set-at-usta-league-national-65---over-7-0-.html	/news/sunday-s-participants-set-at-usta-league-national-65-over-7-0	article(wave2)
/en/home/news/watch-florida-florida-state-college-matchday-highlights.html	/news/watch-florida-florida-state-college-matchday-highlights	article(wave2)
/en/home/news/teams-eye-semifinals-after-day-one-of-usta-league-national-65---.html	/news/teams-eye-semifinals-after-day-one-of-usta-league-national-65	article(wave2)
/en/home/news/usta-florida-ntrp-18---over-national-qualifier.html	/news/usta-florida-ntrp-18-over-national-qualifier	article(wave2)
/en/home/news/four-sections-represented-among-champions-at-usta-league-nationa.html	/news/four-sections-represented-among-champions-at-usta-league-nationa	article(wave2)
/en/home/news/notre-dame-usc-fan-guide.html	/news/notre-dame-usc-fan-guide	article(wave2)
/en/home/news/inside-florida-gators-locker-room-before-win.html	/news/inside-florida-gators-locker-room-before-win	article(wave2)
/en/home/news/florida-chomps-college-matchday-2020.html	/news/florida-chomps-college-matchday-2020	article(wave2)
/en/home/news/usta-league-national-adult-65---over-7-0-9-0-invitational.html	/news/usta-league-national-adult-65-over-7-0-9-0-invitational	article(wave2)
/en/home/news/charlotte-men--tamu-women-prevail-at-2020-usta-college-alumni-te.html	/news/charlotte-men-tamu-women-prevail-at-2020-usta-college-alumni-te	article(wave2)
/en/home/news/opening-day-of-play-concludes-at-usta-league-national-adult-65--.html	/news/opening-day-of-play-concludes-at-usta-league-national-adult-65	article(wave2)
/en/home/news/weather-dramatically-alters-day-two-of-usta-league-national-65--.html	/news/weather-dramatically-alters-day-two-of-usta-league-national-65	article(wave2)
/en/home/news/college-matchday-profile--chase-wood--florida-state.html	/news/college-matchday-profile-chase-wood-florida-state	article(wave2)
/en/home/news/college-matchday-profile--sam-riffice--florida.html	/news/college-matchday-profile-sam-riffice-florida	article(wave2)
/en/home/news/college-matchday-preview--florida--florida-state-to-renew-rivalr.html	/news/college-matchday-preview-florida-florida-state-to-renew-rivalr	article(wave2)
/en/home/news/simon-gale-named-usta-national-campus-director-of-tennis.html	/news/simon-gale-named-usta-national-campus-director-of-tennis	article(wave2)
/en/home/news/usta-college-alumni-tennis-classic.html	/news/usta-college-alumni-tennis-classic	article(wave2)
/en/home/news/usta-league-national-adult-65---over-6-0-8-0-invitational.html	/news/usta-league-national-adult-65-over-6-0-8-0-invitational	article(wave2)
/en/home/news/three-squads-crowned-champions-on-sunday-at-the-usta-florida-tri.html	/news/three-squads-crowned-champions-on-sunday-at-the-usta-florida-tri	article(wave2)
/en/home/news/broward-men-and-women-to-represent-the-sunshine-state-at-indian-.html	/news/broward-men-and-women-to-represent-the-sunshine-state-at-indian	article(wave2)
/en/home/news/flights-take-shape-after-opening-day-of-usta-tri-level-sectional.html	/news/flights-take-shape-after-opening-day-of-usta-tri-level-sectional	article(wave2)
/en/home/news/2020-fsu-vs-uf-fan-guide.html	/news/2020-fsu-vs-uf-fan-guide	article(wave2)
/en/home/news/usta-florida-tri-level-sectional-championships.html	/news/usta-florida-tri-level-sectional-championships	article(wave2)
/en/home/news/2020-collegiate-series.html	/news/2020-collegiate-series	article(wave2)
/en/home/news/2019-usta-national-winter-championships-photo-highlights.html	/news/2019-usta-national-winter-championships-photo-highlights	article(wave2)
/en/home/news/usta-florida-mombo-invitational.html	/news/usta-florida-mombo-invitational	article(wave2)
/en/home/news/five-days-in-the-books-at-2019-usta-national-winter-championship.html	/news/five-days-in-the-books-at-2019-usta-national-winter-championship	article(wave2)
/en/home/news/2020-college-matchday-tickets.html	/news/2020-college-matchday-tickets	article(wave2)
/en/home/news/shelton-siblings-to-go-for-gold-at-2019-usta-national-winter-cha.html	/news/shelton-siblings-to-go-for-gold-at-2019-usta-national-winter-cha	article(wave2)
/en/home/news/18s-singles-finals-steal-the-show-at-2019-usta-national-winter-c.html	/news/18s-singles-finals-steal-the-show-at-2019-usta-national-winter-c	article(wave2)
/en/home/news/top-two-go-down-in-boys--16s-singles-at-2019-usta-national-winte.html	/news/top-two-go-down-in-boys-16s-singles-at-2019-usta-national-winte	article(wave2)
/en/home/news/monday-features-full-day-of-action-at-the-2019-usta-national-win.html	/news/monday-features-full-day-of-action-at-the-2019-usta-national-win	article(wave2)
/en/home/news/2019-usta-national-winter-championships.html	/news/2019-usta-national-winter-championships	article(wave2)
/en/home/news/sunday-brings-more-rain--delayed-matches-at-2019-usta-national-w.html	/news/sunday-brings-more-rain-delayed-matches-at-2019-usta-national-w	article(wave2)
/en/home/news/weather-torments-opening-day-of-2019-usta-national-winter-champi.html	/news/weather-torments-opening-day-of-2019-usta-national-winter-champi	article(wave2)
/en/home/news/seven-duos-win-titles-at-usta-national-campus-level-7-utr-splitz.html	/news/seven-duos-win-titles-at-usta-national-campus-level-7-utr-splitz	article(wave2)
/en/home/news/top-moments-of-2019-at-the-usta-national-campus.html	/news/top-moments-of-2019-at-the-usta-national-campus	article(wave2)
/en/home/news/final-three-champions-of-2019-crowned-at-usta-fl-combo-18---over.html	/news/final-three-champions-of-2019-crowned-at-usta-fl-combo-18-over	article(wave2)
/en/home/news/three-titles-earned-on-sunday-at-2019-usta-fl-combo-18---over-5-.html	/news/three-titles-earned-on-sunday-at-2019-usta-fl-combo-18-over-5	article(wave2)
/en/home/news/american-tennis-showcase-skills-challenge-.html	/news/american-tennis-showcase-skills-challenge	article(wave2)
/en/home/news/2019-usta-fl-combo-18---over-5-5-7-5-9-5-sectional-championships.html	/news/2019-usta-fl-combo-18-over-5-5-7-5-9-5-sectional-championships	article(wave2)
/en/home/news/2019-usta-fl-combo-18---over-6-5-8-5-sectional-championships.html	/news/2019-usta-fl-combo-18-over-6-5-8-5-sectional-championships	article(wave2)
/en/home/news/broward-wins-three-titles-at-2019-usta-fl-combo-18---over-6-5-8-.html	/news/broward-wins-three-titles-at-2019-usta-fl-combo-18-over-6-5-8	article(wave2)
/en/home/news/2020-college-matchday-schedule.html	/news/2020-college-matchday-schedule	article(wave2)
/en/home/news/four-crowns-on-the-line-monday-at-the-2019-usta-fl-combo-18---ov.html	/news/four-crowns-on-the-line-monday-at-the-2019-usta-fl-combo-18-ov	article(wave2)
/en/home/news/flights-take-shape-after-day-one-of-2019-usta-fl-combo-18---over.html	/news/flights-take-shape-after-day-one-of-2019-usta-fl-combo-18-over	article(wave2)
/en/home/news/wagner-wins-nec-wheelchair-masters-title.html	/news/wagner-wins-nec-wheelchair-masters-title	article(wave2)
/en/home/news/southern-makes-it-six-straight-titles-at-2019-keith-donoff-cup.html	/news/southern-makes-it-six-straight-titles-at-2019-keith-donoff-cup	article(wave2)
/en/home/news/americans-in-the-wheelchair-tennis-masters-.html	/news/americans-in-the-wheelchair-tennis-masters	article(wave2)
/en/home/news/alvarez--rus-earn-singles-titles-on-final-day-of-oracle-pro-seri.html	/news/alvarez-rus-earn-singles-titles-on-final-day-of-oracle-pro-seri	article(wave2)
/en/home/news/weekend-of-junior-action-wraps-up-at-november-level-7-utr-event.html	/news/weekend-of-junior-action-wraps-up-at-november-level-7-utr-event	article(wave2)
/en/home/news/southern--so-cal-and-pnw-earn-divisional-titles-at-usta-league-n.html	/news/southern-so-cal-and-pnw-earn-divisional-titles-at-usta-league-n	article(wave2)
/en/home/news/sunday-s-participants-determined-at-2019-usta-league-national-mi.html	/news/sunday-s-participants-determined-at-2019-usta-league-national-mi	article(wave2)
/en/home/news/mateas-continues-strong-showing-at-2019-oracle-pro-series-orland.html	/news/mateas-continues-strong-showing-at-2019-oracle-pro-series-orland	article(wave2)
/en/home/news/2019-usta-keith-donoff-cup.html	/news/2019-usta-keith-donoff-cup	article(wave2)
/en/home/news/alvarez-and-sakamoto-own-the-day-at-2019-oracle-pro-series-orlan.html	/news/alvarez-and-sakamoto-own-the-day-at-2019-oracle-pro-series-orlan	article(wave2)
/en/home/news/weather-alters-opening-day-of-2019-usta-league-national-mixed-40.html	/news/weather-alters-opening-day-of-2019-usta-league-national-mixed-40	article(wave2)
/en/home/news/down-to-the-singles-quarters--doubles-semis-at-2019-oracle-pro-s.html	/news/down-to-the-singles-quarters-doubles-semis-at-2019-oracle-pro-s	article(wave2)
/en/home/news/american-tennis-showcase.html	/news/american-tennis-showcase	article(wave2)
/en/home/news/escambia-wins-two-crowns--collier-claims-one-at-usta-fl-combo-50.html	/news/escambia-wins-two-crowns-collier-claims-one-at-usta-fl-combo-50	article(wave2)
/en/home/news/singles-round-of-16--doubles-quarters-set-at-2019-oracle-pro-ser.html	/news/singles-round-of-16-doubles-quarters-set-at-2019-oracle-pro-ser	article(wave2)
/en/home/news/2019-usta-league-national-mixed-40---over-championships.html	/news/2019-usta-league-national-mixed-40-over-championships	article(wave2)
/en/home/news/main-draw-matches-underway-at-2019-oracle-pro-series-orlando.html	/news/main-draw-matches-underway-at-2019-oracle-pro-series-orlando	article(wave2)
/en/home/news/trio-of-titles-earned-on-sunday-at-usta-fl-combo-50---over-secti.html	/news/trio-of-titles-earned-on-sunday-at-usta-fl-combo-50-over-secti	article(wave2)
/en/home/news/three-different-sections-prevail-to-conclude-2019-usta-league-na.html	/news/three-different-sections-prevail-to-conclude-2019-usta-league-na	article(wave2)
/en/home/news/lengthy-opening-day-of-play-at-the-2019-usta-fl-combo-50---over-.html	/news/lengthy-opening-day-of-play-at-the-2019-usta-fl-combo-50-over	article(wave2)
/en/home/news/titles-on-the-line-sunday-at-2019-usta-league-national-mixed-18-.html	/news/titles-on-the-line-sunday-at-2019-usta-league-national-mixed-18	article(wave2)
/en/home/news/friday-matches-in-the-books-at-usta-league-national-mixed-18---o.html	/news/friday-matches-in-the-books-at-usta-league-national-mixed-18-o	article(wave2)
/en/home/news/2019-usta-fl-combo-50---over-sectional-championships.html	/news/2019-usta-fl-combo-50-over-sectional-championships	article(wave2)
/en/home/news/2019-usta-league-national-mixed-18---over-6-0-8-0-10-0-champions.html	/news/2019-usta-league-national-mixed-18-over-6-0-8-0-10-0-champions	article(wave2)
/en/home/news/florida-7-0--nor-cal-9-0-win-the-day-at-2019-usta-league-nationa.html	/news/florida-7-0-nor-cal-9-0-win-the-day-at-2019-usta-league-nationa	article(wave2)
/en/home/news/northern-to-go-for-sunday-sweep-at-2019-usta-league-national-mix.html	/news/northern-to-go-for-sunday-sweep-at-2019-usta-league-national-mix	article(wave2)
/en/home/news/2019-usta-league-national-mixed-18---over-7-0-9-0-championships.html	/news/2019-usta-league-national-mixed-18-over-7-0-9-0-championships	article(wave2)
/en/home/news/divisions-take-shape-at-the-2019-usta-league-national-mixed-18--.html	/news/divisions-take-shape-at-the-2019-usta-league-national-mixed-18	article(wave2)
/en/home/news/color-wars-takes-over-usta-national-campus-.html	/news/color-wars-takes-over-usta-national-campus	article(wave2)
/en/home/news/2019-usta-fl--bobby-curtis--orange-ball-10---under-sectional-cha.html	/news/2019-usta-fl-bobby-curtis-orange-ball-10-under-sectional-cha	article(wave2)
/en/home/news/southern-men--midwest-women-prevail-at-2019-usta-league-national.html	/news/southern-men-midwest-women-prevail-at-2019-usta-league-national	article(wave2)
/en/home/news/allcott-and-tong-capture-title-at-2019-usta-fl--bobby-curtis--or.html	/news/allcott-and-tong-capture-title-at-2019-usta-fl-bobby-curtis-or	article(wave2)
/en/home/news/2019-usta-league-national-adult-40---over-4-5--plagued-by-rain-f.html	/news/2019-usta-league-national-adult-40-over-4-5-plagued-by-rain-f	article(wave2)
/en/home/news/semifinalists-ready-for-sunday-at-2019-usta-league-national-adul.html	/news/semifinalists-ready-for-sunday-at-2019-usta-league-national-adul	article(wave2)
/en/home/news/2019-usta-league-national-adult-40---over-4-5--championships.html	/news/2019-usta-league-national-adult-40-over-4-5-championships	article(wave2)
/en/home/news/caribbean-men--southern-women-take-first-at-2019-usta-league-nat.html	/news/caribbean-men-southern-women-take-first-at-2019-usta-league-nat	article(wave2)
/en/home/news/play-goes-from-sunrise-to-sunset-at-2019-usta-league-national-ad.html	/news/play-goes-from-sunrise-to-sunset-at-2019-usta-league-national-ad	article(wave2)
/en/home/news/watch-college-tennis-on-playsight.html	/news/watch-college-tennis-on-playsight	article(wave2)
/en/home/news/2019-usta-league-national-adult-40---over-3-0-championships.html	/news/2019-usta-league-national-adult-40-over-3-0-championships	article(wave2)
/en/home/news/adaptive-athletes-shine-at-usta-adaptive-national-championship.html	/news/adaptive-athletes-shine-at-usta-adaptive-national-championship	article(wave2)
/en/home/news/brevard-6-0--broward-8-0-prevail-at-usta-fl-mixed-18---over-6-0-.html	/news/brevard-6-0-broward-8-0-prevail-at-usta-fl-mixed-18-over-6-0	article(wave2)
/en/home/news/the-6-0-final-and-8-0-semifinals-are-set-at-the-usta-fl-mixed-18.html	/news/the-6-0-final-and-8-0-semifinals-are-set-at-the-usta-fl-mixed-18	article(wave2)
/en/home/news/orange-seminole-takes-10-0-title-at-usta-fl-mixed-18---over-6-0-.html	/news/orange-seminole-takes-10-0-title-at-usta-fl-mixed-18-over-6-0	article(wave2)
/en/home/news/2019-usta-fl-mixed-18---over-6-0-8-0-10-0-sectional-championship.html	/news/2019-usta-fl-mixed-18-over-6-0-8-0-10-0-sectional-championship	article(wave2)
/en/home/news/broward-7-0--smd-9-0-persevere--at-2019-usta-fl-mixed-18---over-.html	/news/broward-7-0-smd-9-0-persevere-at-2019-usta-fl-mixed-18-over	article(wave2)
/en/home/news/action-concludes-at-2019-usta-fl--bobby-curtis--16s---18s-double.html	/news/action-concludes-at-2019-usta-fl-bobby-curtis-16s-18s-double	article(wave2)
/en/home/news/five-duos-earn-titles-on-sunday-at-2019-usta-fl--bobby-curtis--1.html	/news/five-duos-earn-titles-on-sunday-at-2019-usta-fl-bobby-curtis-1	article(wave2)
/en/home/news/squads-move-on-to-divisional-semifinals-at-2019-usta-fl-mixed-18.html	/news/squads-move-on-to-divisional-semifinals-at-2019-usta-fl-mixed-18	article(wave2)
/en/home/news/national-campus-hosts-inaugural-usta-adaptive-national-champions.html	/news/national-campus-hosts-inaugural-usta-adaptive-national-champions	article(wave2)
/en/home/news/first-day-of-action-complete-at-2019-usta-fl-mixed-18---over-7-0.html	/news/first-day-of-action-complete-at-2019-usta-fl-mixed-18-over-7-0	article(wave2)
/en/home/news/no--1-seeds-solid-on-day-one-at-2019-usta-fl--bobby-curtis--16s-.html	/news/no-1-seeds-solid-on-day-one-at-2019-usta-fl-bobby-curtis-16s	article(wave2)
/en/home/news/2019-usta-fl-mixed-18---over-7-0-9-0-sectional-championships.html	/news/2019-usta-fl-mixed-18-over-7-0-9-0-sectional-championships	article(wave2)
/en/home/news/team-usa-wins-junior-fed-cup.html	/news/team-usa-wins-junior-fed-cup	article(wave2)
/en/home/news/junior-davis-cup--junior-fed-cup-teams-enjoy-playing-on-home-soi.html	/news/junior-davis-cup-junior-fed-cup-teams-enjoy-playing-on-home-soi	article(wave2)
/en/home/news/2019-usta-fall-ranked-spotlight.html	/news/2019-usta-fall-ranked-spotlight	article(wave2)
/en/home/news/2019-itf-junior-davis-cup---junior-fed-cup-finals-by-bnp-paribas.html	/news/2019-itf-junior-davis-cup-junior-fed-cup-finals-by-bnp-paribas	article(wave2)
/en/home/news/jr--davis---fed-cup-action-begins.html	/news/jr-davis-fed-cup-action-begins	article(wave2)
/en/home/news/2019-itf-junior-davis-cup---junior-fed-cup-by-bnp-paribas.html	/news/2019-itf-junior-davis-cup-junior-fed-cup-by-bnp-paribas	article(wave2)
/en/home/news/junior-davis-cup-fed-cup.html	/news/junior-davis-cup-fed-cup	article(wave2)
/en/home/news/2019-usta-academy-cup.html	/news/2019-usta-academy-cup	article(wave2)
/en/home/news/2019-usta-national-doubles-championships-photos.html	/news/2019-usta-national-doubles-championships-photos	article(wave2)
/en/home/news/golden-sunday-for-six-teams-at-2019-usta-national-doubles-champi.html	/news/golden-sunday-for-six-teams-at-2019-usta-national-doubles-champi	article(wave2)
/en/home/news/busy-day-two-at-the-2019-usta-national-doubles-championships.html	/news/busy-day-two-at-the-2019-usta-national-doubles-championships	article(wave2)
/en/home/news/soggy-opening-day-of-2019-usta-national-doubles-championships.html	/news/soggy-opening-day-of-2019-usta-national-doubles-championships	article(wave2)
/en/home/news/2019-usta-national-doubles-championships.html	/news/2019-usta-national-doubles-championships	article(wave2)
/en/home/news/broward-dominates-with-three-titles-at-2019-usta-fl-18---over-2-.html	/news/broward-dominates-with-three-titles-at-2019-usta-fl-18-over-2	article(wave2)
/en/home/news/matchups-set-for-finals-day-at-2019-usta-fl-18---over-2-5-3-5-4-.html	/news/matchups-set-for-finals-day-at-2019-usta-fl-18-over-2-5-3-5-4	article(wave2)
/en/home/news/parapan-american-team-practices-at-national-campus.html	/news/parapan-american-team-practices-at-national-campus	article(wave2)
/en/home/news/2019-usta-fl-18---over-2-5-3-5-4-5-sectional-championships.html	/news/2019-usta-fl-18-over-2-5-3-5-4-5-sectional-championships	article(wave2)
/en/home/news/extended-opening-day-of-play-at-the-2019-usta-fl-18---over-2-5-3.html	/news/extended-opening-day-of-play-at-the-2019-usta-fl-18-over-2-5-3	article(wave2)
/en/home/news/five-regions-represented-among-winners-at-2019-usta-fl-18---over.html	/news/five-regions-represented-among-winners-at-2019-usta-fl-18-over	article(wave2)
/en/home/news/titles-to-be-earned-monday-at-2019-usta-fl-18---over-3-0-4-0-5-0.html	/news/titles-to-be-earned-monday-at-2019-usta-fl-18-over-3-0-4-0-5-0	article(wave2)
/en/home/news/2019-usta-fl-18---over-3-0-4-0-5-0--sectional-championships.html	/news/2019-usta-fl-18-over-3-0-4-0-5-0-sectional-championships	article(wave2)
/en/home/news/teams-battle-for-position-on-day-one-at-2019-usta-fl-18---over-3.html	/news/teams-battle-for-position-on-day-one-at-2019-usta-fl-18-over-3	article(wave2)
/en/home/news/national-campus-pan-american-medalists.html	/news/national-campus-pan-american-medalists	article(wave2)
/en/home/news/rain-heavily-impacts-opening-day-of-2019-usta-fl-august-level-5-.html	/news/rain-heavily-impacts-opening-day-of-2019-usta-fl-august-level-5	article(wave2)
/en/home/news/eight-champions-crowned-on-monday-to-close-out-2019-usta-fl-augu.html	/news/eight-champions-crowned-on-monday-to-close-out-2019-usta-fl-augu	article(wave2)
/en/home/news/jam-packed-second-day-of-2019-usta-fl-august-level-5-championshi.html	/news/jam-packed-second-day-of-2019-usta-fl-august-level-5-championshi	article(wave2)
/en/home/news/2019-usta-florida-august-level-5-championships.html	/news/2019-usta-florida-august-level-5-championships	article(wave2)
/en/home/news/trio-of-teams-collect-titles-on-monday-at-2019-usta-fl-40---over.html	/news/trio-of-teams-collect-titles-on-monday-at-2019-usta-fl-40-over	article(wave2)
/en/home/news/trio-of-titles-claimed-on-monday-to-conclude-2019-usta-fl-40---o.html	/news/trio-of-titles-claimed-on-monday-to-conclude-2019-usta-fl-40-o	article(wave2)
/en/home/news/saturday-s-matches-in-the-books-at-2019-usta-fl-40---over-3-5-4-.html	/news/saturday-s-matches-in-the-books-at-2019-usta-fl-40-over-3-5-4	article(wave2)
/en/home/news/smd-4-5--men-earn-divisional-title-at-2019-usta-fl-40---over-3-5.html	/news/smd-4-5-men-earn-divisional-title-at-2019-usta-fl-40-over-3-5	article(wave2)
/en/home/news/2019-usta-fl-40---over-3-5-4-5--sectional-championships.html	/news/2019-usta-fl-40-over-3-5-4-5-sectional-championships	article(wave2)
/en/home/news/broward-3-0-men-win-title-on-sunday-at-2019-usta-fl-40---over-3-.html	/news/broward-3-0-men-win-title-on-sunday-at-2019-usta-fl-40-over-3	article(wave2)
/en/home/news/day-one-of-the-2019-usta-fl-40---over-3-0-4-0-sectional-extended.html	/news/day-one-of-the-2019-usta-fl-40-over-3-0-4-0-sectional-extended	article(wave2)
/en/home/news/exsted-repeats-as-doubles-champion-at-2019-usta-boys--12-nationa.html	/news/exsted-repeats-as-doubles-champion-at-2019-usta-boys-12-nationa	article(wave2)
/en/home/news/thorat-earns-second-gold-ball-to-conclude-2019-usta-boys--12s-na.html	/news/thorat-earns-second-gold-ball-to-conclude-2019-usta-boys-12s-na	article(wave2)
/en/home/news/chunduru-keeps-hopes-of-sweep-alive-at-2019-usta-boys--12s-natio.html	/news/chunduru-keeps-hopes-of-sweep-alive-at-2019-usta-boys-12s-natio	article(wave2)
/en/home/news/2019-usta-fl-40---over-3-0-4-0-sectional-championships.html	/news/2019-usta-fl-40-over-3-0-4-0-sectional-championships	article(wave2)
/en/home/news/matchups-set-for-singles-quarters--doubles-semis-at-2019-usta-bo.html	/news/matchups-set-for-singles-quarters-doubles-semis-at-2019-usta-bo	article(wave2)
/en/home/news/opening-day-of-action-kicks-off-at-2019-boys--12s-national-clay-.html	/news/opening-day-of-action-kicks-off-at-2019-boys-12s-national-clay	article(wave2)
/en/home/news/2019-usta-boys--12s-national-clay-court-championships-down-to-th.html	/news/2019-usta-boys-12s-national-clay-court-championships-down-to-th	article(wave2)
/en/home/news/second-day-in-the-books-at-2019-usta-boys--12s-national-clay-cou.html	/news/second-day-in-the-books-at-2019-usta-boys-12s-national-clay-cou	article(wave2)
/en/home/news/2019-usta-boys--12s-national-clay-court-championships.html	/news/2019-usta-boys-12s-national-clay-court-championships	article(wave2)
/en/home/news/2019-usta-national-campus-utr-summer-jam-level-7-concludes.html	/news/2019-usta-national-campus-utr-summer-jam-level-7-concludes	article(wave2)
/en/home/news/day-one-cut-short-due-to-rain-at-2019-utr-summer-jam-level-7.html	/news/day-one-cut-short-due-to-rain-at-2019-utr-summer-jam-level-7	article(wave2)
/en/home/news/2019-usta-national-campus-utr-summer-jam-level-7.html	/news/2019-usta-national-campus-utr-summer-jam-level-7	article(wave2)
/en/home/news/collier-7-0-crowned-champions-at-2019-usta-fl-mixed-40---over-7-.html	/news/collier-7-0-crowned-champions-at-2019-usta-fl-mixed-40-over-7	article(wave2)
/en/home/news/2019-usta-combine.html	/news/2019-usta-combine	article(wave2)
/en/home/news/broward-9-0--miami-dade-2-5-women-earn-usta-fl-sectional-titles-.html	/news/broward-9-0-miami-dade-2-5-women-earn-usta-fl-sectional-titles	article(wave2)
/en/home/news/subhash--hidalgo-capture-orlando-tennis-series-singles-titles-on.html	/news/subhash-hidalgo-capture-orlando-tennis-series-singles-titles-on	article(wave2)
/en/home/news/opening-day-in-the-books-at-2019-usta-fl-mixed-40---over-7-0-9-0.html	/news/opening-day-in-the-books-at-2019-usta-fl-mixed-40-over-7-0-9-0	article(wave2)
/en/home/news/doubles-champions-to-be-crowned-on-saturday-at-the-2019-orlando-.html	/news/doubles-champions-to-be-crowned-on-saturday-at-the-2019-orlando	article(wave2)
/en/home/news/all-american-doubles-duos-claim-titles-at-2019-orlando-tennis-se.html	/news/all-american-doubles-duos-claim-titles-at-2019-orlando-tennis-se	article(wave2)
/en/home/news/2019-usta-fl-mixed-40---over-7-0-9-0-sectional-championships.html	/news/2019-usta-fl-mixed-40-over-7-0-9-0-sectional-championships	article(wave2)
/en/home/news/singles-quarterfinals--doubles-semifinals-set-at-2019-orlando-te.html	/news/singles-quarterfinals-doubles-semifinals-set-at-2019-orlando-te	article(wave2)
/en/home/news/orlando-tennis-series-main-draw-action-continued-on-wednesday-at.html	/news/orlando-tennis-series-main-draw-action-continued-on-wednesday-at	article(wave2)
/en/home/news/orlando-tennis-series-underway-at-the-national-campus.html	/news/orlando-tennis-series-underway-at-the-national-campus	article(wave2)
/en/home/news/top-10-photos-summer-camp-.html	/news/top-10-photos-summer-camp	article(wave2)
/en/home/news/frontline-outreach-sports-center.html	/news/frontline-outreach-sports-center	article(wave2)
/en/home/news/duval--sarasota-take-titles-at-2019-usta-fl-mixed-40---over-6-0-.html	/news/duval-sarasota-take-titles-at-2019-usta-fl-mixed-40-over-6-0	article(wave2)
/en/home/news/monday-s-field-set-at-2019-usta-fl-mixed-40---over-6-0-8-0-secti.html	/news/monday-s-field-set-at-2019-usta-fl-mixed-40-over-6-0-8-0-secti	article(wave2)
/en/home/news/day-one-beats-the-rain-at-2019-usta-fl-mixed-40---over-6-0-8-0-s.html	/news/day-one-beats-the-rain-at-2019-usta-fl-mixed-40-over-6-0-8-0-s	article(wave2)
/en/home/news/national-schedule-for-junior-players.html	/news/national-schedule-for-junior-players	article(wave2)
/en/home/news/seven-duos-take-first-place-on-monday-at-2019-usta-florida-doubl.html	/news/seven-duos-take-first-place-on-monday-at-2019-usta-florida-doubl	article(wave2)
/en/home/news/2019-usta-florida-mixed-40---over-6-0-and-8-0-sectional.html	/news/2019-usta-florida-mixed-40-over-6-0-and-8-0-sectional	article(wave2)
/en/home/news/championship-pairings-set-at-2019-usta-florida-doubles-spring-ch.html	/news/championship-pairings-set-at-2019-usta-florida-doubles-spring-ch	article(wave2)
/en/home/news/2019-ncaa-individual-finals.html	/news/2019-ncaa-individual-finals	article(wave2)
/en/home/news/day-one-action-complete-at-2019-usta-florida-doubles-spring-chal.html	/news/day-one-action-complete-at-2019-usta-florida-doubles-spring-chal	article(wave2)
/en/home/news/2019-ncaa-individual-semifinals.html	/news/2019-ncaa-individual-semifinals	article(wave2)
/en/home/news/2019-usta-florida-doubles-spring-challenge.html	/news/2019-usta-florida-doubles-spring-challenge	article(wave2)
/en/home/news/charney--sinha-looking-for-the-sweep-at-2019-usta-may-national-l.html	/news/charney-sinha-looking-for-the-sweep-at-2019-usta-may-national-l	article(wave2)
/en/home/news/charney---sinha-double-up-on-tuesday-at-2019-usta-may-national-l.html	/news/charney-sinha-double-up-on-tuesday-at-2019-usta-may-national-l	article(wave2)
/en/home/news/second-day-of-action-complete-at-2019-usta-may-national-level-2.html	/news/second-day-of-action-complete-at-2019-usta-may-national-level-2	article(wave2)
/en/home/news/2019-ncaa-womens-final.html	/news/2019-ncaa-womens-final	article(wave2)
/en/home/news/2019-ncaa-men-s-quarterfinals.html	/news/2019-ncaa-men-s-quarterfinals	article(wave2)
/en/home/news/2019-ncaa-finals.html	/news/2019-ncaa-finals	article(wave2)
/en/home/news/seeded-players-tumble-on-day-one-of-2019-usta-may-national-level.html	/news/seeded-players-tumble-on-day-one-of-2019-usta-may-national-level	article(wave2)
/en/home/news/2019-ncaa-semifinals.html	/news/2019-ncaa-semifinals	article(wave2)
/en/home/news/2019-ncaa-women-s-quarterfinals.html	/news/2019-ncaa-women-s-quarterfinals	article(wave2)
/en/home/news/2019-usta-may-national-level-2.html	/news/2019-usta-may-national-level-2	article(wave2)
/en/home/news/ncaa-practice-day-2019.html	/news/ncaa-practice-day-2019	article(wave2)
/en/home/news/2019-special-olympics-florida-state-tennis-championships-.html	/news/2019-special-olympics-florida-state-tennis-championships	article(wave2)
/en/home/news/2019-ncaa-women-s-quarterfinalists.html	/news/2019-ncaa-women-s-quarterfinalists	article(wave2)
/en/home/news/2019-ncaa-men-s-quarterfinalists.html	/news/2019-ncaa-men-s-quarterfinalists	article(wave2)
/en/home/news/three-regions-represented-among-winners-at-2019-usta-fl-55---ove.html	/news/three-regions-represented-among-winners-at-2019-usta-fl-55-ove	article(wave2)
/en/home/news/lake-nona-high-boys--and-girls--teams-take-second-at-fhsaa-4a-st.html	/news/lake-nona-high-boys-and-girls-teams-take-second-at-fhsaa-4a-st	article(wave2)
/en/home/news/semifinals-to-be-contested-monday-at-2019-usta-fl-55---over-3-0-.html	/news/semifinals-to-be-contested-monday-at-2019-usta-fl-55-over-3-0	article(wave2)
/en/home/news/day-one-altered-by-inclement-weather-at-2019-usta-fl-55---over-3.html	/news/day-one-altered-by-inclement-weather-at-2019-usta-fl-55-over-3	article(wave2)
/en/home/news/2019-usta-florida-55---over-3-0-4-0-sectional-championships.html	/news/2019-usta-florida-55-over-3-0-4-0-sectional-championships	article(wave2)
/en/home/news/saint-michael-s-puts-vermont-tennis-on-the-map.html	/news/saint-michael-s-puts-vermont-tennis-on-the-map	article(wave2)
/en/home/news/azusa-pacific-aims-for-the-d-ii-trophy.html	/news/azusa-pacific-aims-for-the-d-ii-trophy	article(wave2)
/en/home/news/midway-university-s-carly-poste.html	/news/midway-university-s-carly-poste	article(wave2)
/en/home/news/marion-7-0-and-broward-8-0-men-take-titles-at-2019-usta-fl-65---.html	/news/marion-7-0-and-broward-8-0-men-take-titles-at-2019-usta-fl-65	article(wave2)
/en/home/news/women-s-divisions-conclude-sunday-at-2019-usta-fl-65---over-sect.html	/news/women-s-divisions-conclude-sunday-at-2019-usta-fl-65-over-sect	article(wave2)
/en/home/news/day-one-action-complete-at-2019-usta-fl-65---over-sectional-cham.html	/news/day-one-action-complete-at-2019-usta-fl-65-over-sectional-cham	article(wave2)
/en/home/news/2019-usta-fl-adult-65---over-sectional-championships.html	/news/2019-usta-fl-adult-65-over-sectional-championships	article(wave2)
/en/home/news/2019-preview-b-cu-vs-famu.html	/news/2019-preview-b-cu-vs-famu	article(wave2)
/en/home/news/2019-tennis-on-campus-spring-invitational.html	/news/2019-tennis-on-campus-spring-invitational	article(wave2)
/en/home/news/net-post-grill-opens.html	/news/net-post-grill-opens	article(wave2)
/en/home/news/georgia-takes-home-title-at-2019-usta-toc-spring-invitational.html	/news/georgia-takes-home-title-at-2019-usta-toc-spring-invitational	article(wave2)
/en/home/news/gold-bracket-semis-set-at-2019-tennis-on-campus-spring-invitatio.html	/news/gold-bracket-semis-set-at-2019-tennis-on-campus-spring-invitatio	article(wave2)
/en/home/news/teams-ready-for-bracket-play-at-2019-tennis-on-campus-spring-inv.html	/news/teams-ready-for-bracket-play-at-2019-tennis-on-campus-spring-inv	article(wave2)
/en/home/news/spring-break-highlight--carnegie-mellon-university-.html	/news/spring-break-highlight-carnegie-mellon-university	article(wave2)
/en/home/news/youth-adaptive-sports-expo.html	/news/youth-adaptive-sports-expo	article(wave2)
/en/home/news/inside-national-campus-adult-camp-.html	/news/inside-national-campus-adult-camp	article(wave2)
/en/home/news/championship-matches-set-for-monday-at-2019-usta-florida-march-l.html	/news/championship-matches-set-for-monday-at-2019-usta-florida-march-l	article(wave2)
/en/home/news/eight-divisional-champions-highlight-final-day-of-2019-usta-flor.html	/news/eight-divisional-champions-highlight-final-day-of-2019-usta-flor	article(wave2)
/en/home/news/spring-break-highlight--st--cloud-state-.html	/news/spring-break-highlight-st-cloud-state	article(wave2)
/en/home/news/busy-opening-day-of-action-concludes-at-2019-usta-florida-march-.html	/news/busy-opening-day-of-action-concludes-at-2019-usta-florida-march	article(wave2)
/en/home/news/spring-break-highlight--concordia-college-new-york-.html	/news/spring-break-highlight-concordia-college-new-york	article(wave2)
/en/home/news/2019-usta-florida-march-level-4-championships.html	/news/2019-usta-florida-march-level-4-championships	article(wave2)
/en/home/news/2019-college-matchday-winners-.html	/news/2019-college-matchday-winners	article(wave2)
/en/home/news/collegiate-series-march-2019.html	/news/collegiate-series-march-2019	article(wave2)
/en/home/news/college-matchday-wraps-up.html	/news/college-matchday-wraps-up	article(wave2)
/en/home/news/2019-usta-college-combine-announced.html	/news/2019-usta-college-combine-announced	article(wave2)
/en/home/news/cmd-fan-guide-march-3-2019.html	/news/cmd-fan-guide-march-3-2019	article(wave2)
/en/home/news/ucf-blanks-um-in-matchday-finale.html	/news/ucf-blanks-um-in-matchday-finale	article(wave2)
/en/home/news/play-concludes-sunday-afternoon-at-orlando-utr-clay-championship.html	/news/play-concludes-sunday-afternoon-at-orlando-utr-clay-championship	article(wave2)
/en/home/news/billie-jean-king-visits-usta-national-campus.html	/news/billie-jean-king-visits-usta-national-campus	article(wave2)
/en/home/news/down-to-the-wire-at-matchday.html	/news/down-to-the-wire-at-matchday	article(wave2)
/en/home/news/2019-orlando-utr-clay-championships-level-7.html	/news/2019-orlando-utr-clay-championships-level-7	article(wave2)
/en/home/news/air-force-flies-to-matchday-victories.html	/news/air-force-flies-to-matchday-victories	article(wave2)
/en/home/news/catching-up-with-florida-and-ucf.html	/news/catching-up-with-florida-and-ucf	article(wave2)
/en/home/news/ou--msu-and-kentucky-come-to-campus.html	/news/ou-msu-and-kentucky-come-to-campus	article(wave2)
/en/home/news/2019-spring-break-tennis.html	/news/2019-spring-break-tennis	article(wave2)
/en/home/news/college-matchday-fan-guide-ucf-v-uf-2019.html	/news/college-matchday-fan-guide-ucf-v-uf-2019	article(wave2)
/en/home/news/faces-of-college-matchday.html	/news/faces-of-college-matchday	article(wave2)
/en/home/news/national-campus--first-military-match.html	/news/national-campus-first-military-match	article(wave2)
/en/home/news/air-force-and-army-collide-for-matchday.html	/news/air-force-and-army-collide-for-matchday	article(wave2)
/en/home/news/2019-active-collegiate-players-in-pros.html	/news/2019-active-collegiate-players-in-pros	article(wave2)
/en/home/news/tennessee-blanks-duke-on-matchday.html	/news/tennessee-blanks-duke-on-matchday	article(wave2)
/en/home/news/current-and-former-american-collegians-in-the-pros.html	/news/current-and-former-american-collegians-in-the-pros	article(wave2)
/en/home/news/college-matchday-continues-to-heat-up.html	/news/college-matchday-continues-to-heat-up	article(wave2)
/en/home/news/cmd-fan-guide-feb--9.html	/news/cmd-fan-guide-feb-9	article(wave2)
/en/home/news/five-titles-decided-on-sunday-at-usta-florida-tri-level-league-p.html	/news/five-titles-decided-on-sunday-at-usta-florida-tri-level-league-p	article(wave2)
/en/home/news/orange-seminole-finishes-strong-at-usta-florida-tri-level-league.html	/news/orange-seminole-finishes-strong-at-usta-florida-tri-level-league	article(wave2)
/en/home/news/saturday-s-slate-complete-at-usta-florida-tri-level-league-playo.html	/news/saturday-s-slate-complete-at-usta-florida-tri-level-league-playo	article(wave2)
/en/home/news/matchday-lights-up-the-skies.html	/news/matchday-lights-up-the-skies	article(wave2)
/en/home/news/ready-for-an-electric-atmosphere.html	/news/ready-for-an-electric-atmosphere	article(wave2)
/en/home/news/rivalry-renewed.html	/news/rivalry-renewed	article(wave2)
/en/home/news/usta-florida-tri-level-league-playoffs.html	/news/usta-florida-tri-level-league-playoffs	article(wave2)
/en/home/news/2019-bnp-paribas-world-team-cup-americas-qualification.html	/news/2019-bnp-paribas-world-team-cup-americas-qualification	article(wave2)
/en/home/news/2019-matchday-tickets.html	/news/2019-matchday-tickets	article(wave2)
/en/home/news/cmd-fan-guide-feb-2.html	/news/cmd-fan-guide-feb-2	article(wave2)
/en/home/news/tiafoe-records-career-best.html	/news/tiafoe-records-career-best	article(wave2)
/en/home/news/road-to-orlando-is-underway.html	/news/road-to-orlando-is-underway	article(wave2)
/en/home/news/playfair-debuts-at-the-campus.html	/news/playfair-debuts-at-the-campus	article(wave2)
/en/home/news/usta-national-campus-pros-down-under-.html	/news/usta-national-campus-pros-down-under	article(wave2)
/en/home/news/orlando-open-photo-gallery.html	/news/orlando-open-photo-gallery	article(wave2)
/en/home/news/2019-collegiate-series.html	/news/2019-collegiate-series	article(wave2)
/en/home/news/marcos-giron-claims-first-atp-singles-title-at-orlando-open.html	/news/marcos-giron-claims-first-atp-singles-title-at-orlando-open	article(wave2)
/en/home/news/marcos-giron-to-play-for-orlando-open-title.html	/news/marcos-giron-to-play-for-orlando-open-title	article(wave2)
/en/home/news/giron-and-redlicki-into-orlando-open-semifinals.html	/news/giron-and-redlicki-into-orlando-open-semifinals	article(wave2)
/en/home/news/usta-pd-fellowship-program.html	/news/usta-pd-fellowship-program	article(wave2)
/en/home/news/connie-ma-completes-sweep-of-girls--18s-titles-at-2018-usta-nati.html	/news/connie-ma-completes-sweep-of-girls-18s-titles-at-2018-usta-nati	article(wave2)
/en/home/news/three-americans-reach-quarterfinals-at-orlando-open.html	/news/three-americans-reach-quarterfinals-at-orlando-open	article(wave2)
/en/home/news/doubles-champions-crowned--singles-finals-set-at-2018-usta-natio.html	/news/doubles-champions-crowned-singles-finals-set-at-2018-usta-natio	article(wave2)
/en/home/news/games-lone-no--1-seed-remaining-at-2018-usta-national-winter-cha.html	/news/games-lone-no-1-seed-remaining-at-2018-usta-national-winter-cha	article(wave2)
/en/home/news/americans-score-big-upsets-at-orlando-open.html	/news/americans-score-big-upsets-at-orlando-open	article(wave2)
/en/home/news/usta-national-winter-nationals-look.html	/news/usta-national-winter-nationals-look	article(wave2)
/en/home/news/orlando-open-continues.html	/news/orlando-open-continues	article(wave2)
/en/home/news/major-upsets-highlight-day-three-of-2018-usta-national-winter-ch.html	/news/major-upsets-highlight-day-three-of-2018-usta-national-winter-ch	article(wave2)
/en/home/news/singles-quarterfinal-matchups-set-at-2018-usta-national-winter-c.html	/news/singles-quarterfinal-matchups-set-at-2018-usta-national-winter-c	article(wave2)
/en/home/news/orlando-open-underway-at-the-usta-national-campus.html	/news/orlando-open-underway-at-the-usta-national-campus	article(wave2)
/en/home/news/girls--singles-seeds-continue-to-tumble-at-2018-usta-national-wi.html	/news/girls-singles-seeds-continue-to-tumble-at-2018-usta-national-wi	article(wave2)
/en/home/news/match-play-kicks-off-at-2018-usta-national-winter-championships.html	/news/match-play-kicks-off-at-2018-usta-national-winter-championships	article(wave2)
/en/home/news/florida-league-season-comes-to-a-close-with-completion-of-combo-.html	/news/florida-league-season-comes-to-a-close-with-completion-of-combo	article(wave2)
/en/home/news/2018blizzardrecap.html	/news/2018blizzardrecap	article(wave2)
/en/home/news/2018-usta-national-winter-championships.html	/news/2018-usta-national-winter-championships	article(wave2)
/en/home/news/gusties-take-inaugural-college-alumni-classic-0.html	/news/gusties-take-inaugural-college-alumni-classic-0	article(wave2)
/en/home/news/orlando-open-usta-national-campus-.html	/news/orlando-open-usta-national-campus	article(wave2)
/en/home/news/america-s-cup-at-the-usta-national-campus.html	/news/america-s-cup-at-the-usta-national-campus	article(wave2)
/en/home/news/2018-blizzard-wild-card.html	/news/2018-blizzard-wild-card	article(wave2)
/en/home/news/rain-extends-sunday-s-schedule-at-2018-fl-combo-18---over-5-5-7-.html	/news/rain-extends-sunday-s-schedule-at-2018-fl-combo-18-over-5-5-7	article(wave2)
/en/home/news/saturday-s-play-concludes-at-2018-usta-fl-combo-18---over-5-5-7-.html	/news/saturday-s-play-concludes-at-2018-usta-fl-combo-18-over-5-5-7	article(wave2)
/en/home/news/2018-usta-florida-combo-18---over-5-5-7-5-9-5-sectional-champion.html	/news/2018-usta-florida-combo-18-over-5-5-7-5-9-5-sectional-champion	article(wave2)
/en/home/news/four-regions-earn-titles-at-2018-usta-fl-combo-18---over-6-5-8-5.html	/news/four-regions-earn-titles-at-2018-usta-fl-combo-18-over-6-5-8-5	article(wave2)
/en/home/news/titles-on-the-line-monday-at-2018-usta-fl-combo-18---over-6-5-8-.html	/news/titles-on-the-line-monday-at-2018-usta-fl-combo-18-over-6-5-8	article(wave2)
/en/home/news/rising-american-wheelchair-tennis-stars-.html	/news/rising-american-wheelchair-tennis-stars	article(wave2)
/en/home/news/opening-day-of-action-complete-at-2018-usta-fl-combo-18---over-6.html	/news/opening-day-of-action-complete-at-2018-usta-fl-combo-18-over-6	article(wave2)
/en/home/news/last-four-champions-crowned-as-2018-usta-league-national-mixed-4.html	/news/last-four-champions-crowned-as-2018-usta-league-national-mixed-4	article(wave2)
/en/home/news/2018-usta-florida-combo-18---over-6-5-8-5-sectional-championship.html	/news/2018-usta-florida-combo-18-over-6-5-8-5-sectional-championship	article(wave2)
/en/home/news/sunday-s-matchups-set-at-2018-usta-league-national-mixed-40---ov.html	/news/sunday-s-matchups-set-at-2018-usta-league-national-mixed-40-ov	article(wave2)
/en/home/news/texas-advanced--northern-intermediate-earn-2018-jtt-18u-national.html	/news/texas-advanced-northern-intermediate-earn-2018-jtt-18u-national	article(wave2)
/en/home/news/first-day-complete-at-2018-usta-league-national-mixed-40---over-.html	/news/first-day-complete-at-2018-usta-league-national-mixed-40-over	article(wave2)
/en/home/news/2018-usta-league-national-mixed-40---over-6-0-7-0-8-0-9-0-champi.html	/news/2018-usta-league-national-mixed-40-over-6-0-7-0-8-0-9-0-champi	article(wave2)
/en/home/news/usta-national-campus-sunsets.html	/news/usta-national-campus-sunsets	article(wave2)
/en/home/news/southern-defends-title-at-2018-usta-donoff-cup.html	/news/southern-defends-title-at-2018-usta-donoff-cup	article(wave2)
/en/home/news/florida-versus-southern-singles-to-decide-champion-at-2018-usta-.html	/news/florida-versus-southern-singles-to-decide-champion-at-2018-usta	article(wave2)
/en/home/news/texas-looks-for-another-sweep-at-2018-jtt-18u-national-champions.html	/news/texas-looks-for-another-sweep-at-2018-jtt-18u-national-champions	article(wave2)
/en/home/news/florida--southern-dominate-day-one-at-2018-donoff-cup.html	/news/florida-southern-dominate-day-one-at-2018-donoff-cup	article(wave2)
/en/home/news/first-day-complete-at-2018-usta-jtt-18u-national-championships.html	/news/first-day-complete-at-2018-usta-jtt-18u-national-championships	article(wave2)
/en/home/news/2018-usta-donoff-cup.html	/news/2018-usta-donoff-cup	article(wave2)
/en/home/news/2018-usta-jtt-14u-national-championships.html	/news/2018-usta-jtt-14u-national-championships	article(wave2)
/en/home/news/jtt-14u-national-championships-takeover-usta-national-campus-.html	/news/jtt-14u-national-championships-takeover-usta-national-campus	article(wave2)
/en/home/news/2018-usta-junior-team-tennis-18u-national-championships.html	/news/2018-usta-junior-team-tennis-18u-national-championships	article(wave2)
/en/home/news/dallas-select-wins-the-day-at-2018-usta-jtt-14u-national-champio.html	/news/dallas-select-wins-the-day-at-2018-usta-jtt-14u-national-champio	article(wave2)
/en/home/news/championship-duals-set-for-sunday-at-2018-usta-jtt-14u-national-.html	/news/championship-duals-set-for-sunday-at-2018-usta-jtt-14u-national	article(wave2)
/en/home/news/lengthy-opening-day-of-action-at-2018-usta-jtt-14u-national-cham.html	/news/lengthy-opening-day-of-action-at-2018-usta-jtt-14u-national-cham	article(wave2)
/en/home/news/color-wars-at-the-usta-national-campus-.html	/news/color-wars-at-the-usta-national-campus	article(wave2)
/en/home/news/2018-usta-league-national-adult-55---over-6-0-8-0-championships-1/2018-usta-league-national-adult-55---over-7-0-9-0-championships-.html	/news/2018-usta-league-national-adult-55-over-6-0-8-0-championships-1/2018-usta-league-national-adult-55-over-7-0-9-0-championships	article(wave2)
/en/home/news/2018-usta-league-national-adult-55---over-7-0-9-0-championships-/2018-usta-league-national-adult-55---over-7-0-9-0-championships-0.html	/news/2018-usta-league-national-adult-55-over-7-0-9-0-championships/2018-usta-league-national-adult-55-over-7-0-9-0-championships-0	article(wave2)
/en/home/news/2018-usta-league-national-adult-55---over-7-0-9-0-championships-/2018-usta-league-national-adult-55---over-7-0-9-0-championships-.html	/news/2018-usta-league-national-adult-55-over-7-0-9-0-championships/2018-usta-league-national-adult-55-over-7-0-9-0-championships	article(wave2)
/en/home/news/teams-secure-semifinal-berths-at-2018-usta-league-national-55---.html	/news/teams-secure-semifinal-berths-at-2018-usta-league-national-55	article(wave2)
/en/home/news/four-different-sections-claim-victory-at-2018-usta-league-nation.html	/news/four-different-sections-claim-victory-at-2018-usta-league-nation	article(wave2)
/en/home/news/2018-usta-league-national-adult-55---over-7-0-9-0-championships-.html	/news/2018-usta-league-national-adult-55-over-7-0-9-0-championships	article(wave2)
/en/home/news/2019-college-matchday-schedule.html	/news/2019-college-matchday-schedule	article(wave2)
/en/home/news/friday-s-matches-in-the-books-at-2018-usta-league-national-55---.html	/news/friday-s-matches-in-the-books-at-2018-usta-league-national-55	article(wave2)
/en/home/news/2018-usta-league-national-adult-55---over-6-0-8-0-championships-.html	/news/2018-usta-league-national-adult-55-over-6-0-8-0-championships	article(wave2)
/en/home/news/usta-national-campus-celebrates-hispanic-heritage-month-.html	/news/usta-national-campus-celebrates-hispanic-heritage-month	article(wave2)
/en/home/news/broward-6-0--okaloosa-8-0-prevail-at-2018-usta-fl-mixed-18---ove.html	/news/broward-6-0-okaloosa-8-0-prevail-at-2018-usta-fl-mixed-18-ove	article(wave2)
/en/home/news/where-in-the-world-are-the-national-campus-stars-0.html	/news/where-in-the-world-are-the-national-campus-stars-0	article(wave2)
/en/home/news/three-national-champions-crowned-at-2018-usta-league-national-ad.html	/news/three-national-champions-crowned-at-2018-usta-league-national-ad	article(wave2)
/en/home/news/hillsborough-dominates-10-0-division-at-2018-usta-fl-mixed-18---.html	/news/hillsborough-dominates-10-0-division-at-2018-usta-fl-mixed-18	article(wave2)
/en/home/news/2018-usta-league-national-adult-18---over-2-5-3-5-championships.html	/news/2018-usta-league-national-adult-18-over-2-5-3-5-championships	article(wave2)
/en/home/news/usta-league-returns-to-usta-national-campus-.html	/news/usta-league-returns-to-usta-national-campus	article(wave2)
/en/home/news/first-day-of-play-concludes-at-2018-usta-fl-mixed-18---over-6-0-.html	/news/first-day-of-play-concludes-at-2018-usta-fl-mixed-18-over-6-0	article(wave2)
/en/home/news/2018-usta-florida-mixed-18---over-6-0-8-0-10-0-sectional-champio.html	/news/2018-usta-florida-mixed-18-over-6-0-8-0-10-0-sectional-champio	article(wave2)
/en/home/news/divisions-take-shape-heading-into-saturday-at-2018-usta-league-n.html	/news/divisions-take-shape-heading-into-saturday-at-2018-usta-league-n	article(wave2)
/en/home/news/competition-whittled-down-to-the-semifinals-at-2018-usta-league-.html	/news/competition-whittled-down-to-the-semifinals-at-2018-usta-league	article(wave2)
/en/home/news/2018-ita-all-americans.html	/news/2018-ita-all-americans	article(wave2)
/en/home/news/usta-national-campus-in-focus-8.html	/news/usta-national-campus-in-focus-8	article(wave2)
/en/home/news/broward-doubles-down-to-sweep-usta-fl-mixed-18---over-7-0-9-0-ti.html	/news/broward-doubles-down-to-sweep-usta-fl-mixed-18-over-7-0-9-0-ti	article(wave2)
/en/home/news/southern-men--texas-women-victorious-at-2018-usta-league-nationa.html	/news/southern-men-texas-women-victorious-at-2018-usta-league-nationa	article(wave2)
/en/home/news/matchups-for-7-0-semis--9-0-final-set-at-2018-usta-fl-mixed-18--.html	/news/matchups-for-7-0-semis-9-0-final-set-at-2018-usta-fl-mixed-18	article(wave2)
/en/home/news/squads-close-in-on-semifinal-berths-at-2018-usta-fl-mixed-18---o.html	/news/squads-close-in-on-semifinal-berths-at-2018-usta-fl-mixed-18-o	article(wave2)
/en/home/news/opening-day-complete-at-2018-usta-league-national-adult-18---ove.html	/news/opening-day-complete-at-2018-usta-league-national-adult-18-ove	article(wave2)
/en/home/news/teams-qualify-for-2018-usta-league-national-adult-18---over-5-0-.html	/news/teams-qualify-for-2018-usta-league-national-adult-18-over-5-0	article(wave2)
/en/home/news/usta-national-campus-in-focus-7.html	/news/usta-national-campus-in-focus-7	article(wave2)
/en/home/news/2018-usta-florida-mixed-18---over-7-0-9-0-sectional-championship.html	/news/2018-usta-florida-mixed-18-over-7-0-9-0-sectional-championship	article(wave2)
/en/home/news/2018-usta-league-national-adult-18---over-5-0--championships.html	/news/2018-usta-league-national-adult-18-over-5-0-championships	article(wave2)
/en/home/news/usta-national-campus-stars-go-east.html	/news/usta-national-campus-stars-go-east	article(wave2)
/en/home/news/2018-usta-fl--bobby-curtis--green-ball-sectional-championships.html	/news/2018-usta-fl-bobby-curtis-green-ball-sectional-championships	article(wave2)
/en/home/news/bose--battilla-take-different-routes-to-earn--bobby-curtis--gree.html	/news/bose-battilla-take-different-routes-to-earn-bobby-curtis-gree	article(wave2)
/en/home/news/usta-national-campus-in-focus-6.html	/news/usta-national-campus-in-focus-6	article(wave2)
/en/home/news/2018-hbcu-championships.html	/news/2018-hbcu-championships	article(wave2)
/en/home/news/usta-national-campus-players--perspective-.html	/news/usta-national-campus-players-perspective	article(wave2)
/en/home/news/2018-academy-cup.html	/news/2018-academy-cup	article(wave2)
/en/home/news/usta-national-campus-in-focus-5.html	/news/usta-national-campus-in-focus-5	article(wave2)
/en/home/news/usta-national-campus-from-all-angles-.html	/news/usta-national-campus-from-all-angles	article(wave2)
/en/home/news/social-media-contest.html	/news/social-media-contest	article(wave2)
/en/home/news/rising-usta-national-campus-stars-compete-at-us-open-.html	/news/rising-usta-national-campus-stars-compete-at-us-open	article(wave2)
/en/home/news/weather-disrupts-opening-day-of-2018-usta-national-doubles-champ.html	/news/weather-disrupts-opening-day-of-2018-usta-national-doubles-champ	article(wave2)
/en/home/news/usta-national-campus-in-focus-4.html	/news/usta-national-campus-in-focus-4	article(wave2)
/en/home/news/usta-national-campus-set-to-host-2018-academy-cup.html	/news/usta-national-campus-set-to-host-2018-academy-cup	article(wave2)
/en/home/news/four-duos-earn-national-titles-at-2018-usta-national-doubles-cha.html	/news/four-duos-earn-national-titles-at-2018-usta-national-doubles-cha	article(wave2)
/en/home/news/gold-ball-matchups-set-at-2018-usta-national-doubles-championshi.html	/news/gold-ball-matchups-set-at-2018-usta-national-doubles-championshi	article(wave2)
/en/home/news/2018-usta-national-doubles-championships.html	/news/2018-usta-national-doubles-championships	article(wave2)
/en/home/news/2018usopenamericancollegians.html	/news/2018usopenamericancollegians	article(wave2)
/en/home/news/ntc-tennis-camp-travels-to-national-campus.html	/news/ntc-tennis-camp-travels-to-national-campus	article(wave2)
/en/home/news/duval--orange-seminole-reel-in-multiple-titles-at-2018-usta-fl-1.html	/news/duval-orange-seminole-reel-in-multiple-titles-at-2018-usta-fl-1	article(wave2)
/en/home/news/us-open-training-ground-for-us-tennis-.html	/news/us-open-training-ground-for-us-tennis	article(wave2)
/en/home/news/orlando-residents-compete-on-big-stage.html	/news/orlando-residents-compete-on-big-stage	article(wave2)
/en/home/news/five-titles-on-the-line-monday-at-2018-usta-fl-18---over-2-5-3-5.html	/news/five-titles-on-the-line-monday-at-2018-usta-fl-18-over-2-5-3-5	article(wave2)
/en/home/news/teams-battle-for-position-on-day-one-of-2018-usta-fl-18---over-2.html	/news/teams-battle-for-position-on-day-one-of-2018-usta-fl-18-over-2	article(wave2)
/en/home/news/usta-national-campus-players-receive-us-open-wildcards-.html	/news/usta-national-campus-players-receive-us-open-wildcards	article(wave2)
/en/home/news/usta-national-campus-2018-summer-in-photos-.html	/news/usta-national-campus-2018-summer-in-photos	article(wave2)
/en/home/news/2018-usta-florida-18---over-2-5-3-5-4-5-sectional-championships.html	/news/2018-usta-florida-18-over-2-5-3-5-4-5-sectional-championships	article(wave2)
/en/home/news/four-districts-collect-titles-to-close-out-2018-usta-fl-18---ove.html	/news/four-districts-collect-titles-to-close-out-2018-usta-fl-18-ove	article(wave2)
/en/home/news/play-goes-past-midnight-on-day-one-of-2018-usta-fl-18---over-3-0.html	/news/play-goes-past-midnight-on-day-one-of-2018-usta-fl-18-over-3-0	article(wave2)
/en/home/news/titles-for-3-0-leon--5-0--hillsborough-men-at-2018-usta-fl-18---.html	/news/titles-for-3-0-leon-5-0-hillsborough-men-at-2018-usta-fl-18	article(wave2)
/en/home/news/usta-national-campus-in-focus-3.html	/news/usta-national-campus-in-focus-3	article(wave2)
/en/home/news/2018-usta-florida-18---over-3-0-4-0-5-0--sectional-championships.html	/news/2018-usta-florida-18-over-3-0-4-0-5-0-sectional-championships	article(wave2)
/en/home/news/where-in-the-world-are-the-national-campus-stars-.html	/news/where-in-the-world-are-the-national-campus-stars	article(wave2)
/en/home/news/historic-week-in-the-books-at-101st-ata-national-championships.html	/news/historic-week-in-the-books-at-101st-ata-national-championships	article(wave2)
/en/home/news/eight-finals-to-highlight-mondays-play-at-usta-fl-august-level-5.html	/news/eight-finals-to-highlight-mondays-play-at-usta-fl-august-level-5	article(wave2)
/en/home/news/no--2-seeds-rule-the-day-at-usta-fl-august-level-5-championships.html	/news/no-2-seeds-rule-the-day-at-usta-fl-august-level-5-championships	article(wave2)
/en/home/news/usta-president-katrina-adams-visits-ata-national-championships-.html	/news/usta-president-katrina-adams-visits-ata-national-championships	article(wave2)
/en/home/news/junior-play-concludes-at-101st-ata-national-championships.html	/news/junior-play-concludes-at-101st-ata-national-championships	article(wave2)
/en/home/news/2018-usta-florida-august-level-5-championships.html	/news/2018-usta-florida-august-level-5-championships	article(wave2)
/en/home/news/top-seeds-avoid-upsets-on-saturday-at-usta-fl-august-level-5-cha.html	/news/top-seeds-avoid-upsets-on-saturday-at-usta-fl-august-level-5-cha	article(wave2)
/en/home/news/ten-more-titles-earned-at-101st-ata-national-championships.html	/news/ten-more-titles-earned-at-101st-ata-national-championships	article(wave2)
/en/home/news/first-adult-and-junior-trophies-handed-out-at-101st-ata-national.html	/news/first-adult-and-junior-trophies-handed-out-at-101st-ata-national	article(wave2)
/en/home/news/usta-national-campus-in-focus-2.html	/news/usta-national-campus-in-focus-2	article(wave2)
/en/home/news/action-continued-on-day-four-of-101st-ata-national-championships.html	/news/action-continued-on-day-four-of-101st-ata-national-championships	article(wave2)
/en/home/news/open-singles-champions-crowned-at-101st-ata-national-championshi.html	/news/open-singles-champions-crowned-at-101st-ata-national-championshi	article(wave2)
/en/home/news/open-draws-underway-at-101st-american-tennis-association-nationa.html	/news/open-draws-underway-at-101st-american-tennis-association-nationa	article(wave2)
/en/home/news/101st-american-tennis-association-national-championships.html	/news/101st-american-tennis-association-national-championships	article(wave2)
/en/home/news/usta-national-campus-stars-around-the-world-.html	/news/usta-national-campus-stars-around-the-world	article(wave2)
/en/home/news/open-finals-set-for-monday-at-101st-ata-national-championships.html	/news/open-finals-set-for-monday-at-101st-ata-national-championships	article(wave2)
/en/home/news/usta-national-campus-top-100-club-.html	/news/usta-national-campus-top-100-club	article(wave2)
/en/home/news/usta-national-campus-stars-around-world-.html	/news/usta-national-campus-stars-around-world	article(wave2)
/en/home/news/quan-pulls-off-sweep-at-2018-boys--12s-national-clay-court-champ.html	/news/quan-pulls-off-sweep-at-2018-boys-12s-national-clay-court-champ	article(wave2)
/en/home/news/only-finals-day-remains-at-2018-usta-boys--12s-national-clay-cha.html	/news/only-finals-day-remains-at-2018-usta-boys-12s-national-clay-cha	article(wave2)
/en/home/news/two-days-down-at-2018-usta-boys--12s-national-clay-championships.html	/news/two-days-down-at-2018-usta-boys-12s-national-clay-championships	article(wave2)
/en/home/news/heading-toward-the-business-end-at-2018-usta-boys--12s-national-.html	/news/heading-toward-the-business-end-at-2018-usta-boys-12s-national	article(wave2)
/en/home/news/semifinalists-power-through-at-2018-usta-boys--12s-national-clay.html	/news/semifinalists-power-through-at-2018-usta-boys-12s-national-clay	article(wave2)
/en/home/news/2018-usta-boys_-12s-national-clay-court-championships.html	/news/2018-usta-boys-12s-national-clay-court-championships	article(wave2)
/en/home/news/usta-national-campus-phenom-amanda-anisimova-.html	/news/usta-national-campus-phenom-amanda-anisimova	article(wave2)
/en/home/news/weather-interrupts-day-three-at-2018-usta-boys--12s-national-cla.html	/news/weather-interrupts-day-three-at-2018-usta-boys-12s-national-cla	article(wave2)
/en/home/news/action-gets-underway-at-2018-usta-boys--12s-national-clay-champi.html	/news/action-gets-underway-at-2018-usta-boys-12s-national-clay-champi	article(wave2)
/en/home/news/sunday-sees-three-teams-earn-titles-at-usta-fl-40---over-3-5-4-5.html	/news/sunday-sees-three-teams-earn-titles-at-usta-fl-40-over-3-5-4-5	article(wave2)
/en/home/news/friday-goes-late-into-the-night-at-usta-fl-40---over-3-5-4-5--se.html	/news/friday-goes-late-into-the-night-at-usta-fl-40-over-3-5-4-5-se	article(wave2)
/en/home/news/saturday-in-the-books-at-usta-fl-40---over-3-5-4-5--sectional.html	/news/saturday-in-the-books-at-usta-fl-40-over-3-5-4-5-sectional	article(wave2)
/en/home/news/usta-national-campus-in-focus.html	/news/usta-national-campus-in-focus	article(wave2)
/en/home/news/mcdonald-s-impressive-wimbledon-run.html	/news/mcdonald-s-impressive-wimbledon-run	article(wave2)
/en/home/news/2018-usta-florida-40---over-3-5-4-5--sectional-championships.html	/news/2018-usta-florida-40-over-3-5-4-5-sectional-championships	article(wave2)
/en/home/news/matchups-set-for-monday-at-usta-fl-40---over-3-0-4-0-sectional.html	/news/matchups-set-for-monday-at-usta-fl-40-over-3-0-4-0-sectional	article(wave2)
/en/home/news/rain-cuts-saturday-short-at-usta-fl-40---over-3-0-4-0-sectional.html	/news/rain-cuts-saturday-short-at-usta-fl-40-over-3-0-4-0-sectional	article(wave2)
/en/home/news/trio-of-teams-claim-titles.html	/news/trio-of-teams-claim-titles	article(wave2)
/en/home/news/2018-usta-fl-40---over-3-0-4-0-sectional-championships.html	/news/2018-usta-fl-40-over-3-0-4-0-sectional-championships	article(wave2)
/en/home/news/frances-tiafoe-career-high-ranking-.html	/news/frances-tiafoe-career-high-ranking	article(wave2)
/en/home/news/americans-to-watch-wimbledon-.html	/news/americans-to-watch-wimbledon	article(wave2)
/en/home/news/national-campus-in-focus-.html	/news/national-campus-in-focus	article(wave2)
/en/home/news/final-day-of-summer-jam-level-7-in-the-books.html	/news/final-day-of-summer-jam-level-7-in-the-books	article(wave2)
/en/home/news/mixed-results-for-seeds-on-day-one-of-summer-jam-level-7.html	/news/mixed-results-for-seeds-on-day-one-of-summer-jam-level-7	article(wave2)
/en/home/news/2018-usta-national-campus-utr-summer-jam-level-7.html	/news/2018-usta-national-campus-utr-summer-jam-level-7	article(wave2)
/en/home/news/usta-national-campus-in-focus-1.html	/news/usta-national-campus-in-focus-1	article(wave2)
/en/home/news/rising-star-caroline-dolehide-.html	/news/rising-star-caroline-dolehide	article(wave2)
/en/home/news/hillsborough-7-0--smd-9-0-teams-prevail-at-mixed-40---over-secti.html	/news/hillsborough-7-0-smd-9-0-teams-prevail-at-mixed-40-over-secti	article(wave2)
/en/home/news/usta-national-campus-focus-.html	/news/usta-national-campus-focus	article(wave2)
/en/home/news/saturday-cut-short-due-to-rain-at-usta-fl-mixed-40---over-7-0-9-.html	/news/saturday-cut-short-due-to-rain-at-usta-fl-mixed-40-over-7-0-9	article(wave2)
/en/home/news/see-where-you-measure-up-in-the-usta-combine-at-home.html	/news/see-where-you-measure-up-in-the-usta-combine-at-home	article(wave2)
/en/home/news/njtl-camp.html	/news/njtl-camp	article(wave2)
/en/home/news/2018-usta-florida-mixed-40---over-7-0-9-0-sectional-championship.html	/news/2018-usta-florida-mixed-40-over-7-0-9-0-sectional-championship	article(wave2)
/en/home/news/opd-teen-police.html	/news/opd-teen-police	article(wave2)
/en/home/news/usta-national-campus-stars-to-watch.html	/news/usta-national-campus-stars-to-watch	article(wave2)
/en/home/news/hillsborough-enjoys-big-day-to-close-out-usta-fl-55---over-3-5-4.html	/news/hillsborough-enjoys-big-day-to-close-out-usta-fl-55-over-3-5-4	article(wave2)
/en/home/news/summer-nights.html	/news/summer-nights	article(wave2)
/en/home/news/usta-florida-adult-55---over-3-5-4-5-sectional-makes-its-return.html	/news/usta-florida-adult-55-over-3-5-4-5-sectional-makes-its-return	article(wave2)
/en/home/news/7-tips-to-stand-out-at-the-all-american-college-combine-.html	/news/7-tips-to-stand-out-at-the-all-american-college-combine	article(wave2)
/en/home/news/where-in-the-world-are-the-americans--.html	/news/where-in-the-world-are-the-americans	article(wave2)
/en/home/news/usta-national-campus-in-focus-0.html	/news/usta-national-campus-in-focus-0	article(wave2)
/en/home/news/tennis-dad-talks-summer-camp-experience-.html	/news/tennis-dad-talks-summer-camp-experience	article(wave2)
/en/home/news/chris-eubanks-is-heating-up-at-usta-national-campus-.html	/news/chris-eubanks-is-heating-up-at-usta-national-campus	article(wave2)
/en/home/news/usta-national-campus-in-focus-.html	/news/usta-national-campus-in-focus	article(wave2)
/en/home/news/escambia-6-0--irmsl-8-0-take-section-titles.html	/news/escambia-6-0-irmsl-8-0-take-section-titles	article(wave2)
/en/home/news/championship-day-field-set-at-usta-fl-mixed-40---over-6-0-8-0-se.html	/news/championship-day-field-set-at-usta-fl-mixed-40-over-6-0-8-0-se	article(wave2)
/en/home/news/teams-battle-in-flight-play-on-opening-day-at-usta-fl-mixed-40--.html	/news/teams-battle-in-flight-play-on-opening-day-at-usta-fl-mixed-40	article(wave2)
/en/home/news/ncaa-in-orlando-2019.html	/news/ncaa-in-orlando-2019	article(wave2)
/en/home/news/florida-adult-mixed-40---over-6-0-8-0-section-championship-to-be.html	/news/florida-adult-mixed-40-over-6-0-8-0-section-championship-to-be	article(wave2)
/en/home/news/anthrop--games-earn-singles-titles-to-close-out-may-national-lev.html	/news/anthrop-games-earn-singles-titles-to-close-out-may-national-lev	article(wave2)
/en/home/news/special-olympics-florida-games-resounding-success-at-national-ca.html	/news/special-olympics-florida-games-resounding-success-at-national-ca	article(wave2)
/en/home/news/top-seeds-jack-anthrop--madison-sieg-reach-may-national-level-2-.html	/news/top-seeds-jack-anthrop-madison-sieg-reach-may-national-level-2	article(wave2)
/en/home/news/champions-crowned-on-sunday-at-doubles-spring-challenge.html	/news/champions-crowned-on-sunday-at-doubles-spring-challenge	article(wave2)
/en/home/news/frenetic-opening-day-of-play-at-2018-usta-fl-doubles-spring-chal.html	/news/frenetic-opening-day-of-play-at-2018-usta-fl-doubles-spring-chal	article(wave2)
/en/home/news/top-florida-section-duos-seek-doubles-supremacy-at-spring-challe.html	/news/top-florida-section-duos-seek-doubles-supremacy-at-spring-challe	article(wave2)
/en/home/news/from-usta-combine-to-lsu.html	/news/from-usta-combine-to-lsu	article(wave2)
/en/home/news/play-moves-inside-on-sunday-at-may-national-level-2.html	/news/play-moves-inside-on-sunday-at-may-national-level-2	article(wave2)
/en/home/news/opening-day-of-national-may-level-2-plagued-by-rain-.html	/news/opening-day-of-national-may-level-2-plagued-by-rain	article(wave2)
/en/home/news/heavy-rain-cuts-saturday-short-at-usta-fl-55---over-3-5-4-5-sect.html	/news/heavy-rain-cuts-saturday-short-at-usta-fl-55-over-3-5-4-5-sect	article(wave2)
/en/home/news/national-campus-to-host-top-boys-and-girls-in-the-16s-division-a.html	/news/national-campus-to-host-top-boys-and-girls-in-the-16s-division-a	article(wave2)
/en/home/news/usta-fl-55---over-3-5-4-5-sectional-championships-begin-saturday.html	/news/usta-fl-55-over-3-5-4-5-sectional-championships-begin-saturday	article(wave2)
/en/home/news/alabama-takes-the-nationals-wheelchair-tennis-title.html	/news/alabama-takes-the-nationals-wheelchair-tennis-title	article(wave2)
/en/home/news/national-campus-set-to-host-2018-special-olympics-florida-state-.html	/news/national-campus-set-to-host-2018-special-olympics-florida-state	article(wave2)
/en/home/news/usta-florida-adult-55---over-3-0-4-0-sectional-championships-day0.html	/news/usta-florida-adult-55-over-3-0-4-0-sectional-championships-day0	article(wave2)
/en/home/news/usta-florida-adult-55---over-3-0-4-0-sectional-championships-day1.html	/news/usta-florida-adult-55-over-3-0-4-0-sectional-championships-day1	article(wave2)
/en/home/news/usta-florida-adult-55---over-3-0-4-0-sectional-championships-day.html	/news/usta-florida-adult-55-over-3-0-4-0-sectional-championships-day	article(wave2)
/en/home/news/usta-florida-adult-55---over-3-0-4-0-sectional-championships-beg.html	/news/usta-florida-adult-55-over-3-0-4-0-sectional-championships-beg	article(wave2)
/en/home/news/herman-hits-stride-on-day-2.html	/news/herman-hits-stride-on-day-2	article(wave2)
/en/home/news/alabama-leads-on-day-1-of-wc-collegiate-championships.html	/news/alabama-leads-on-day-1-of-wc-collegiate-championships	article(wave2)
/en/home/news/three-day-collegiate-wheelchair-national-championships-starts-fr.html	/news/three-day-collegiate-wheelchair-national-championships-starts-fr	article(wave2)
/en/home/news/usta-florida-adult-65---over-sectional-championships--day-three.html	/news/usta-florida-adult-65-over-sectional-championships-day-three	article(wave2)
/en/home/news/usta-florida-adult-65---over-sectional-championships--day-one.html	/news/usta-florida-adult-65-over-sectional-championships-day-one	article(wave2)
/en/home/news/semifinals-set-on-exciting-day-two-at-toc-nationals.html	/news/semifinals-set-on-exciting-day-two-at-toc-nationals	article(wave2)
/en/home/news/ohio-state-tops-unc-to-win-first-ever-national-championship.html	/news/ohio-state-tops-unc-to-win-first-ever-national-championship	article(wave2)
/en/home/news/usta-florida-adult-65---over-sectional-championships--day-two.html	/news/usta-florida-adult-65-over-sectional-championships-day-two	article(wave2)
/en/home/news/college-matchday-usf-defeats-ucf.html	/news/college-matchday-usf-defeats-ucf	article(wave2)
/en/home/news/usta-fl-65---over-sectional-takes-to-the-courts-starting-saturda.html	/news/usta-fl-65-over-sectional-takes-to-the-courts-starting-saturda	article(wave2)
/en/home/news/terrapins-leading-the-upsets-on-day-1-at-toc-nationals.html	/news/terrapins-leading-the-upsets-on-day-1-at-toc-nationals	article(wave2)
/en/home/news/karl-poling-bests-trent-bryde-in--claims-vero-beach-entry.html	/news/karl-poling-bests-trent-bryde-in-claims-vero-beach-entry	article(wave2)
/en/home/news/four-players-eye-vero-beach-entry-on-final-day-of-mardy-fish-wil.html	/news/four-players-eye-vero-beach-entry-on-final-day-of-mardy-fish-wil	article(wave2)
/en/home/news/cmd-preview-4-15-18.html	/news/cmd-preview-4-15-18	article(wave2)
/en/home/news/draw-trimmed-down-to-16-players-following-day-one-of-mardy-fish-.html	/news/draw-trimmed-down-to-16-players-following-day-one-of-mardy-fish	article(wave2)
/en/home/news/2018-spring-break-tennis.html	/news/2018-spring-break-tennis	article(wave2)
/en/home/news/mardy-fish-usta-futures-lake-nona-wild-card-event-begins-monday-.html	/news/mardy-fish-usta-futures-lake-nona-wild-card-event-begins-monday	article(wave2)
/en/home/news/spring-break-spotlight---hope.html	/news/spring-break-spotlight-hope	article(wave2)
/en/home/news/cmd-preview-4-1-18.html	/news/cmd-preview-4-1-18	article(wave2)
/en/home/news/texas-defeats-florida-at-college-matchday.html	/news/texas-defeats-florida-at-college-matchday	article(wave2)
/en/home/news/eight-juniors-come-away-with-singles-titles-at-usta-fl-march-l4-.html	/news/eight-juniors-come-away-with-singles-titles-at-usta-fl-march-l4	article(wave2)
/en/home/news/american-sophie-chang-wins-pro-tennis-classic-singles-title.html	/news/american-sophie-chang-wins-pro-tennis-classic-singles-title	article(wave2)
/en/home/news/divisional-finals-set-for-monday-at-usta-florida-march-level-4-c.html	/news/divisional-finals-set-for-monday-at-usta-florida-march-level-4-c	article(wave2)
/en/home/news/madness-ensues-on-opening-day-of-usta-florida-march-level-4-cham.html	/news/madness-ensues-on-opening-day-of-usta-florida-march-level-4-cham	article(wave2)
/en/home/news/play-gets-underway-saturday-morning-at-usta-florida-march-level-.html	/news/play-gets-underway-saturday-morning-at-usta-florida-march-level	article(wave2)
/en/home/news/american-duo-mcnally-and-osuigwe-dominate-for-women-s--15k-pro-t.html	/news/american-duo-mcnally-and-osuigwe-dominate-for-women-s-15k-pro-t	article(wave2)
/en/home/news/sophie-chang--jessica-pegula-into-women-s--15k-pro-tennis-classi.html	/news/sophie-chang-jessica-pegula-into-women-s-15k-pro-tennis-classi	article(wave2)
/en/home/news/women-s--15k-pro-tennis-classic-quarterfinals-to-be-contested-on.html	/news/women-s-15k-pro-tennis-classic-quarterfinals-to-be-contested-on	article(wave2)
/en/home/news/singles-round-of-16-pairings-set-at-women-s--15k-pro-tennis-clas.html	/news/singles-round-of-16-pairings-set-at-women-s-15k-pro-tennis-clas	article(wave2)
/en/home/news/main-draw-action-underway-at--15-000-national-campus-pro-tennis-.html	/news/main-draw-action-underway-at-15-000-national-campus-pro-tennis	article(wave2)
/en/home/news/rose-hulman-enjoys-spring-break-tennis.html	/news/rose-hulman-enjoys-spring-break-tennis	article(wave2)
/en/home/news/ucf-michigan-2018.html	/news/ucf-michigan-2018	article(wave2)
/en/home/news/play-concludes-at-orlando-clay-championships-level-7.html	/news/play-concludes-at-orlando-clay-championships-level-7	article(wave2)
/en/home/news/women_s--15k-usta-national-campus-pro-tennis-classic-gets-underw.html	/news/women-s-15k-usta-national-campus-pro-tennis-classic-gets-underw	article(wave2)
/en/home/news/cmd-preview-ucf-vs-um.html	/news/cmd-preview-ucf-vs-um	article(wave2)
/en/home/news/first-day-of-orlando-clay-championships-level-7-concludes.html	/news/first-day-of-orlando-clay-championships-level-7-concludes	article(wave2)
/en/home/news/oklahoma-defeats-a-m-at-matchday.html	/news/oklahoma-defeats-a-m-at-matchday	article(wave2)
/en/home/news/orlando-clay-championships-level-7-arrives-at-national-campus-sa.html	/news/orlando-clay-championships-level-7-arrives-at-national-campus-sa	article(wave2)
/en/home/news/cmdpreview2-24-18.html	/news/cmdpreview2-24-18	article(wave2)
/en/home/news/ronald-hohmann--briana-crowley-take-home-singles-titles-at-febru.html	/news/ronald-hohmann-briana-crowley-take-home-singles-titles-at-febru	article(wave2)
/en/home/news/cacciatore-vs--hohmann--crowley-vs--wolfberg-headline-finals-day.html	/news/cacciatore-vs-hohmann-crowley-vs-wolfberg-headline-finals-day	article(wave2)
/en/home/news/no--2-seed-falls-in-girls-singles-and-doubles-draws-on-opening-d.html	/news/no-2-seed-falls-in-girls-singles-and-doubles-draws-on-opening-d	article(wave2)
/en/home/news/team-usa-secures-bnp-paribas-wheelchair-world-team-cup-finals-be.html	/news/team-usa-secures-bnp-paribas-wheelchair-world-team-cup-finals-be	article(wave2)
/en/home/news/2018-usta-february-national-level-2.html	/news/2018-usta-february-national-level-2	article(wave2)
/en/home/news/uga-vs--gt-2-9-18.html	/news/uga-vs-gt-2-9-18	article(wave2)
/en/home/news/womens-pro-circuit--15k.html	/news/womens-pro-circuit-15k	article(wave2)
/en/home/news/fan-guide-2-9-18.html	/news/fan-guide-2-9-18	article(wave2)
/en/home/news/fsu-vs-florida-2018.html	/news/fsu-vs-florida-2018	article(wave2)
/en/home/news/argentina-claims-women-s-title--chile-and-team-usa-to-play-for-m.html	/news/argentina-claims-women-s-title-chile-and-team-usa-to-play-for-m	article(wave2)
/en/home/news/argentina-women--chile-and-colombia-men-prevail-on-wheelchair-wo.html	/news/argentina-women-chile-and-colombia-men-prevail-on-wheelchair-wo	article(wave2)
/en/home/news/fsu-vs--uf-preview-2018.html	/news/fsu-vs-uf-preview-2018	article(wave2)
/en/home/news/united-states--chile-earn-victories-on-day-one-of-wheelchair-wor.html	/news/united-states-chile-earn-victories-on-day-one-of-wheelchair-wor	article(wave2)
/en/home/news/cmd-fan-guide-2-3-18.html	/news/cmd-fan-guide-2-3-18	article(wave2)
/en/home/news/wheelchair-americas-qualifications.html	/news/wheelchair-americas-qualifications	article(wave2)
/en/home/news/anhelina-kalinina-outlasts-julia-grabher-for-usta-national-campu.html	/news/anhelina-kalinina-outlasts-julia-grabher-for-usta-national-campu	article(wave2)
/en/home/news/usta-national-campus-pro-tennis-classic---jan--18-results.html	/news/usta-national-campus-pro-tennis-classic-jan-18-results	article(wave2)
/en/home/news/usta-national-campus-pro-tennis-classic---jan--19-results.html	/news/usta-national-campus-pro-tennis-classic-jan-19-results	article(wave2)
/en/home/news/usta-national-campus-pro-tennis-classic---jan--20-results.html	/news/usta-national-campus-pro-tennis-classic-jan-20-results	article(wave2)
/en/home/news/usta-national-campus-pro-tennis-classic---jan--17-results.html	/news/usta-national-campus-pro-tennis-classic-jan-17-results	article(wave2)
/en/home/news/2018-collegiate-series.html	/news/2018-collegiate-series	article(wave2)
/en/home/news/usta-national-campus-pro-tennis-classic---jan--16-results.html	/news/usta-national-campus-pro-tennis-classic-jan-16-results	article(wave2)
/en/home/news/utr-at-the-national-campus.html	/news/utr-at-the-national-campus	article(wave2)
/en/home/news/one-year-anniversary.html	/news/one-year-anniversary	article(wave2)
/en/home/news/doubles-champions-crowned-on-monday--singles-finals-slated-for-t.html	/news/doubles-champions-crowned-on-monday-singles-finals-slated-for-t	article(wave2)
/en/home/news/improve-your-game-with-the-latest-innovations-in-tennis-at-the-n.html	/news/improve-your-game-with-the-latest-innovations-in-tennis-at-the-n	article(wave2)
/en/home/news/singles-semifinals--doubles-finals-to-be-contested-monday.html	/news/singles-semifinals-doubles-finals-to-be-contested-monday	article(wave2)
/en/home/news/keshav-chopra--gianna-pielet-complete-usta-gold-ball-double-dip-.html	/news/keshav-chopra-gianna-pielet-complete-usta-gold-ball-double-dip	article(wave2)
/en/home/news/top-seeds-continue-to-advance-as-others-fall-at-usta-national-wi.html	/news/top-seeds-continue-to-advance-as-others-fall-at-usta-national-wi	article(wave2)
/en/home/news/boys_-no--1-seeds-toppled-while-girls--no--1-seeds-survive.html	/news/boys-no-1-seeds-toppled-while-girls-no-1-seeds-survive	article(wave2)
/en/home/news/singles-draws-down-to-final-16--doubles-final-eight-after-day-th.html	/news/singles-draws-down-to-final-16-doubles-final-eight-after-day-th	article(wave2)
/en/home/news/surprises-in-boys-and-girls-16s-singles-draws-highlight-usta-win.html	/news/surprises-in-boys-and-girls-16s-singles-draws-highlight-usta-win	article(wave2)
/en/home/news/pro-circuit-orlando-january.html	/news/pro-circuit-orlando-january	article(wave2)
/en/home/news/usta-national-winter-championships-head-to-usta-national-campus.html	/news/usta-national-winter-championships-head-to-usta-national-campus	article(wave2)
/en/home/news/orlando-residents-prepare-for-us-open.html	/news/orlando-residents-prepare-for-us-open	article(wave2)
/en/home/news/usta-florida-combo-18---over-5-5-7-5-9-5-sectional-championships.html	/news/usta-florida-combo-18-over-5-5-7-5-9-5-sectional-championships	article(wave2)
/en/home/news/four-teams-win-sectional-titles-to-close-out-2017-usta-florida-l.html	/news/four-teams-win-sectional-titles-to-close-out-2017-usta-florida-l	article(wave2)
/en/home/news/final-usta-florida-league-event-of-2017-to-wrap-up-on-sunday.html	/news/final-usta-florida-league-event-of-2017-to-wrap-up-on-sunday	article(wave2)
/en/home/news/usta-florida-combo-18---over-6-5-8-5-sectional-champions-crowned.html	/news/usta-florida-combo-18-over-6-5-8-5-sectional-champions-crowned	article(wave2)
/en/home/news/usta-florida-combo-18---over-6-5-8-5-sectional-down-to-final-day.html	/news/usta-florida-combo-18-over-6-5-8-5-sectional-down-to-final-day	article(wave2)
/en/home/news/usta-florida-combo-18---over-6-5-8-5-sectional-championships-beg.html	/news/usta-florida-combo-18-over-6-5-8-5-sectional-championships-beg	article(wave2)
/en/home/news/2018matchdayschedule.html	/news/2018matchdayschedule	article(wave2)
/en/home/news/seminole-county-sheriff.html	/news/seminole-county-sheriff	article(wave2)
/en/home/news/four-champions-crowned-at-2017-usta-league-55---over-7-0-9-0-cha.html	/news/four-champions-crowned-at-2017-usta-league-55-over-7-0-9-0-cha	article(wave2)
/en/home/news/2017-usta-league-national-55---over-7-0--9-0-champions-to-be-cro.html	/news/2017-usta-league-national-55-over-7-0-9-0-champions-to-be-cro	article(wave2)
/en/home/news/national-campus-set-to-host-55---over-7-0-9-0-national-champions.html	/news/national-campus-set-to-host-55-over-7-0-9-0-national-champions	article(wave2)
/en/home/news/midwest-sweeps-usta-league-national-adult-18---over-4-5-titles.html	/news/midwest-sweeps-usta-league-national-adult-18-over-4-5-titles	article(wave2)
/en/home/news/2017-usta-league-national-adult-18---over-4-5-championships.html	/news/2017-usta-league-national-adult-18-over-4-5-championships	article(wave2)
/en/home/news/2017-usta-florida-bobby-curtis-junior-12s-14s-doubles---day-thre.html	/news/2017-usta-florida-bobby-curtis-junior-12s-14s-doubles-day-thre	article(wave2)
/en/home/news/2017-usta-florida-bobby-curtis-junior-12s-14s-doubles---day-two.html	/news/2017-usta-florida-bobby-curtis-junior-12s-14s-doubles-day-two	article(wave2)
/en/home/news/teams-earn-national-titles-at-2017-usta-league-national-adult-55.html	/news/teams-earn-national-titles-at-2017-usta-league-national-adult-55	article(wave2)
/en/home/news/2017-usta-league-national-adult-55---over-6-0-8-0-championships.html	/news/2017-usta-league-national-adult-55-over-6-0-8-0-championships	article(wave2)
/en/home/news/2017-usta-florida-bobby-curtis-junior-12s-14s-doubles-championsh.html	/news/2017-usta-florida-bobby-curtis-junior-12s-14s-doubles-championsh	article(wave2)
/en/home/news/2017-itf-super-seniors-world-individual-championships---three-wi.html	/news/2017-itf-super-seniors-world-individual-championships-three-wi	article(wave2)
/en/home/news/texas--florida-crowned-champs-at-40---over-4-0-nationals.html	/news/texas-florida-crowned-champs-at-40-over-4-0-nationals	article(wave2)
/en/home/news/2017-usta-league-national-adult-55---over-6-0-8-0-championships-.html	/news/2017-usta-league-national-adult-55-over-6-0-8-0-championships	article(wave2)
/en/home/news/2017-usta-league-national-adult-40---over-4-0-championships---da.html	/news/2017-usta-league-national-adult-40-over-4-0-championships-da	article(wave2)
/en/home/news/2017-usta-league-national-adult-40---over-4-0-championships---da0.html	/news/2017-usta-league-national-adult-40-over-4-0-championships-da0	article(wave2)
/en/home/news/2017-itf-super-seniors-world-individual-championships-come-to-co.html	/news/2017-itf-super-seniors-world-individual-championships-come-to-co	article(wave2)
/en/home/news/usta-league-national-adult-40---over-4-0-championships-hit-the-c.html	/news/usta-league-national-adult-40-over-4-0-championships-hit-the-c	article(wave2)
/en/home/news/2017-itf-super-seniors-world-team-championships---day-five.html	/news/2017-itf-super-seniors-world-team-championships-day-five	article(wave2)
/en/home/news/2017-itf-super-seniors-world-team-championships---day-six.html	/news/2017-itf-super-seniors-world-team-championships-day-six	article(wave2)
/en/home/news/2017-itf-super-seniors-world-individual-championships---opening-.html	/news/2017-itf-super-seniors-world-individual-championships-opening	article(wave2)
/en/home/news/2017-itf-super-seniors-world-team-championships---day-four.html	/news/2017-itf-super-seniors-world-team-championships-day-four	article(wave2)
/en/home/news/2017-itf-super-seniors-world-team-championships---day-three.html	/news/2017-itf-super-seniors-world-team-championships-day-three	article(wave2)
/en/home/news/2017-itf-super-seniors-world-championships-get-underway-sunday-m.html	/news/2017-itf-super-seniors-world-championships-get-underway-sunday-m	article(wave2)
/en/home/news/2017-itf-super-seniors-world-team-championships---opening-days.html	/news/2017-itf-super-seniors-world-team-championships-opening-days	article(wave2)
/en/home/news/texas-women--intermountain-men-claim-usta-league-nationl-5-0--te.html	/news/texas-women-intermountain-men-claim-usta-league-nationl-5-0-te	article(wave2)
/en/home/news/live-at-the-usta-national-campus---jorge-capestany.html	/news/live-at-the-usta-national-campus-jorge-capestany	article(wave2)
/en/home/news/usta-league-national-adult-18---over-5-0--championships-day-two.html	/news/usta-league-national-adult-18-over-5-0-championships-day-two	article(wave2)
/en/home/news/usta-league-national-adult-18---over-5-0--championships-day-one.html	/news/usta-league-national-adult-18-over-5-0-championships-day-one	article(wave2)
/en/home/news/usta-league-national-adult-18---over-5-0--championships-ready-fo.html	/news/usta-league-national-adult-18-over-5-0-championships-ready-fo	article(wave2)
/en/home/news/2017-usta-jtt-18u-national-championships-day-three.html	/news/2017-usta-jtt-18u-national-championships-day-three	article(wave2)
/en/home/news/usta-jtt-18u-national-championships-day-two.html	/news/usta-jtt-18u-national-championships-day-two	article(wave2)
/en/home/news/usta-jtt-18u-national-championships-day-one.html	/news/usta-jtt-18u-national-championships-day-one	article(wave2)
/en/home/news/back-on-the-road.html	/news/back-on-the-road	article(wave2)
/en/home/news/net-generation-national-campus.html	/news/net-generation-national-campus	article(wave2)
/en/home/news/usta-jtt-18u-national-championships-set-for-friday-morning-start.html	/news/usta-jtt-18u-national-championships-set-for-friday-morning-start	article(wave2)
/en/home/news/2017-usta-jtt-14u-national-championships-day-three.html	/news/2017-usta-jtt-14u-national-championships-day-three	article(wave2)
/en/home/news/american-collegians-uso.html	/news/american-collegians-uso	article(wave2)
/en/home/news/2017-usta-jtt-14u-national-championships-day-one.html	/news/2017-usta-jtt-14u-national-championships-day-one	article(wave2)
/en/home/news/2017-usta-jtt-14u-national-championships-day-two.html	/news/2017-usta-jtt-14u-national-championships-day-two	article(wave2)
/en/home/news/usta-jtt-14u-national-championships-gets-underway-friday.html	/news/usta-jtt-14u-national-championships-gets-underway-friday	article(wave2)
/en/home/news/madison-keys-uso.html	/news/madison-keys-uso	article(wave2)
/en/home/news/national-wheelchair-tournament-series-.html	/news/national-wheelchair-tournament-series	article(wave2)
/en/home/news/jen-brady-uso.html	/news/jen-brady-uso	article(wave2)
/en/home/news/2017-usta-national-doubles-championships---day-three.html	/news/2017-usta-national-doubles-championships-day-three	article(wave2)
/en/home/news/2017-usta-national-doubles-championships---day-two.html	/news/2017-usta-national-doubles-championships-day-two	article(wave2)
/en/home/news/2017-usta-national-doubles-championships---day-one.html	/news/2017-usta-national-doubles-championships-day-one	article(wave2)
/en/home/news/usta-national-doubles-championships-set-for-thursday-start.html	/news/usta-national-doubles-championships-set-for-thursday-start	article(wave2)
/en/home/news/ncaa-champs-train.html	/news/ncaa-champs-train	article(wave2)
/en/home/news/usta-florida-18---over-2-5-3-5-4-5-sectional-championships---day1.html	/news/usta-florida-18-over-2-5-3-5-4-5-sectional-championships-day1	article(wave2)
/en/home/news/usta-florida-18---over-2-5-3-5-4-5-sectional-championships-begin.html	/news/usta-florida-18-over-2-5-3-5-4-5-sectional-championships-begin	article(wave2)
/en/home/news/usta-florida-18---over-2-5-3-5-4-5-sectional-championships---day0.html	/news/usta-florida-18-over-2-5-3-5-4-5-sectional-championships-day0	article(wave2)
/en/home/news/usta-florida-18---over-3-0-4-0-5-0--sectional-championships---da.html	/news/usta-florida-18-over-3-0-4-0-5-0-sectional-championships-da	article(wave2)
/en/home/news/usta-florida-18---over-3-0-4-0-5-0-sectional-championships---day.html	/news/usta-florida-18-over-3-0-4-0-5-0-sectional-championships-day	article(wave2)
/en/home/news/chris-eubanks-at-the-national-campus.html	/news/chris-eubanks-at-the-national-campus	article(wave2)
/en/home/news/usta-florida-18---over-3-0-4-0-5-0--sectional-championships-star.html	/news/usta-florida-18-over-3-0-4-0-5-0-sectional-championships-star	article(wave2)
/en/home/news/orange-seminole--3-5-women---broward--3-5-men---hillsborough--4-.html	/news/orange-seminole-3-5-women-broward-3-5-men-hillsborough-4	article(wave2)
/en/home/news/2017-usta-florida-august-level-5-championships---day-three.html	/news/2017-usta-florida-august-level-5-championships-day-three	article(wave2)
/en/home/news/girls-nationals-san-diego.html	/news/girls-nationals-san-diego	article(wave2)
/en/home/news/2017-usta-florida-august-level-5-championships---day-two.html	/news/2017-usta-florida-august-level-5-championships-day-two	article(wave2)
/en/home/news/2017-usta-florida-august-level-5-championships---day-one.html	/news/2017-usta-florida-august-level-5-championships-day-one	article(wave2)
/en/home/news/usta-national-campus-testimonials.html	/news/usta-national-campus-testimonials	article(wave2)
/en/home/news/2017-usta-florida-adult-40---over-3-5-4-5--championships-day-thr.html	/news/2017-usta-florida-adult-40-over-3-5-4-5-championships-day-thr	article(wave2)
/en/home/news/2017-usta-florida-adult-40---over-3-5-4-5--championships-day-two.html	/news/2017-usta-florida-adult-40-over-3-5-4-5-championships-day-two	article(wave2)
/en/home/news/wheelchair-tournament-series.html	/news/wheelchair-tournament-series	article(wave2)
/en/home/news/2017-usta-florida-adult-40---over-3-5-4-5--championships.html	/news/2017-usta-florida-adult-40-over-3-5-4-5-championships	article(wave2)
/en/home/news/2017-usta-boys--12s-national-clay-court-championships---day-six.html	/news/2017-usta-boys-12s-national-clay-court-championships-day-six	article(wave2)
/en/home/news/usta-boys--12s-national-clay-court-championships-day-three.html	/news/usta-boys-12s-national-clay-court-championships-day-three	article(wave2)
/en/home/news/usta-boys--12s-national-clay-court-championships-day-two.html	/news/usta-boys-12s-national-clay-court-championships-day-two	article(wave2)
/en/home/news/2017-usta-boys--12s-national-clay-court-championships-day-five.html	/news/2017-usta-boys-12s-national-clay-court-championships-day-five	article(wave2)
/en/home/news/2017-usta-boys--12s-national-clay-court-championships-day-four.html	/news/2017-usta-boys-12s-national-clay-court-championships-day-four	article(wave2)
/en/home/news/2017-usta-boys--12s-national-clay-court-championships-day-one.html	/news/2017-usta-boys-12s-national-clay-court-championships-day-one	article(wave2)
/en/home/news/ucf-partnership.html	/news/ucf-partnership	article(wave2)
/en/home/news/smd-women--leon-men-claim-usta-florida-40---over-3-0-sectional-t.html	/news/smd-women-leon-men-claim-usta-florida-40-over-3-0-sectional-t	article(wave2)
/en/home/news/usta-florida-40---over-3-0-4-0-championships-semifinals-set.html	/news/usta-florida-40-over-3-0-4-0-championships-semifinals-set	article(wave2)
/en/home/news/boys-12-clay-championships.html	/news/boys-12-clay-championships	article(wave2)
/en/home/news/excellence-teams-bring-talent-to-national-campus.html	/news/excellence-teams-bring-talent-to-national-campus	article(wave2)
/en/home/news/flights-take-shape-at-usta-florida-40---over-3-0-4-0-championshi.html	/news/flights-take-shape-at-usta-florida-40-over-3-0-4-0-championshi	article(wave2)
/en/home/news/usta-foundation-wins-espn-league-humanitarian-leadership-award-.html	/news/usta-foundation-wins-espn-league-humanitarian-leadership-award	article(wave2)
/en/home/news/six-months-in--usta-national-campus-is-thriving.html	/news/six-months-in-usta-national-campus-is-thriving	article(wave2)
/en/home/news/collegiate-summer-success-june-2017.html	/news/collegiate-summer-success-june-2017	article(wave2)
/en/home/news/national-campus-hosts-orlando-teen-police---fire-academy.html	/news/national-campus-hosts-orlando-teen-police-fire-academy	article(wave2)
/en/home/news/innagural-all-american-combine-a-big-hit.html	/news/innagural-all-american-combine-a-big-hit	article(wave2)
/en/home/news/down-to-the-finals-at-the-2017-usta--bobby-curtis--junior-state-.html	/news/down-to-the-finals-at-the-2017-usta-bobby-curtis-junior-state	article(wave2)
/en/home/news/two-repeat-champs-at-2017-usta-florida--bobby-curtis--state-sing.html	/news/two-repeat-champs-at-2017-usta-florida-bobby-curtis-state-sing	article(wave2)
/en/home/news/players-into-quarters--semis-on-day-3-at-bobby-curtis.html	/news/players-into-quarters-semis-on-day-3-at-bobby-curtis	article(wave2)
/en/home/news/2017-usta-florida--bobby-curtis--junior-state-championships-day-.html	/news/2017-usta-florida-bobby-curtis-junior-state-championships-day	article(wave2)
/en/home/news/day-one-results--2017-usta-florida-bobby-curtis-junior-champions.html	/news/day-one-results-2017-usta-florida-bobby-curtis-junior-champions	article(wave2)
/en/home/news/wwe-superstar-titus-oneil-arrives-at-the-national-campus.html	/news/wwe-superstar-titus-oneil-arrives-at-the-national-campus	article(wave2)
/en/home/news/leon-7-0--pinellas-9-0-take-home-usta-florida-mixed-40---over-se.html	/news/leon-7-0-pinellas-9-0-take-home-usta-florida-mixed-40-over-se	article(wave2)
/en/home/news/7-0-semifinals--9-0-finals-of-usta-florida-mixed-40---over-set-f.html	/news/7-0-semifinals-9-0-finals-of-usta-florida-mixed-40-over-set-f	article(wave2)
/en/home/news/usta-florida-adult-mixed-40---over-7-0-9-0-championships-day-one.html	/news/usta-florida-adult-mixed-40-over-7-0-9-0-championships-day-one	article(wave2)
/en/home/news/american-juniors-spotlighted-in-the-college-combine.html	/news/american-juniors-spotlighted-in-the-college-combine	article(wave2)
/en/home/news/volusia-6-0--pinellas-8-0-teams-earn-usta-florida-adult-mixed-40.html	/news/volusia-6-0-pinellas-8-0-teams-earn-usta-florida-adult-mixed-40	article(wave2)
/en/home/news/volunteer-opportunities---usta-national-campus-ambassador-progra.html	/news/volunteer-opportunities-usta-national-campus-ambassador-progra	article(wave2)
/en/home/news/usta-florida-adult-mixed-40---over-6-0-8-0-championships---day-t.html	/news/usta-florida-adult-mixed-40-over-6-0-8-0-championships-day-t	article(wave2)
/en/home/news/usta-florida-adult-mixed-40---over-6-0-8-0-championships.html	/news/usta-florida-adult-mixed-40-over-6-0-8-0-championships	article(wave2)
/en/home/news/champions-crowned-at-usta-florida-level-3-doubles-spring-challen.html	/news/champions-crowned-at-usta-florida-level-3-doubles-spring-challen	article(wave2)
/en/home/news/usta-florida-level-3-doubles-spring-challenge-day-two.html	/news/usta-florida-level-3-doubles-spring-challenge-day-two	article(wave2)
/en/home/news/usta-florida-doubles-spring-challenge--day-one.html	/news/usta-florida-doubles-spring-challenge-day-one	article(wave2)
/en/home/news/usta-all-american-college-combine.html	/news/usta-all-american-college-combine	article(wave2)
/en/home/news/orlando-residents-hit-the-red-clay-in-paris.html	/news/orlando-residents-hit-the-red-clay-in-paris	article(wave2)
/en/home/news/umass-claims-a10-women-s-championship.html	/news/umass-claims-a10-women-s-championship	article(wave2)
/en/home/news/vcu-wins-a10-men-s-championship.html	/news/vcu-wins-a10-men-s-championship	article(wave2)
/en/home/news/ucf-reaches-conference-championship-final.html	/news/ucf-reaches-conference-championship-final	article(wave2)
/en/home/news/top-american-tennis-players-meet-for-the-first-time.html	/news/top-american-tennis-players-meet-for-the-first-time	article(wave2)
/en/home/news/usta-national-campus-to-host-ncaa-tennis-championships.html	/news/usta-national-campus-to-host-ncaa-tennis-championships	article(wave2)
/en/home/news/usta-annual-meetings.html	/news/usta-annual-meetings	article(wave2)
/en/home/news/spend-your-summer-at-the-usta-national-campus-.html	/news/spend-your-summer-at-the-usta-national-campus	article(wave2)
/en/home/news/new-food-options-offered-at-the-national-campus.html	/news/new-food-options-offered-at-the-national-campus	article(wave2)
/en/home/news/college-matchday-3-14-17.html	/news/college-matchday-3-14-17	article(wave2)
/en/home/news/college-matchday-3-10-17.html	/news/college-matchday-3-10-17	article(wave2)
/en/home/news/uf-fsu-information.html	/news/uf-fsu-information	article(wave2)
/en/home/news/usta-pro-circuit-men-s-15k-futures.html	/news/usta-pro-circuit-men-s-15k-futures	article(wave2)
/en/home/news/usta-national-campus-is-making-news.html	/news/usta-national-campus-is-making-news	article(wave2)
/en/home/news/college-matchday-3-8-17.html	/news/college-matchday-3-8-17	article(wave2)
/en/home/news/2017-spring-break-tennis.html	/news/2017-spring-break-tennis	article(wave2)
/en/home/news/february-events-at-the-campus.html	/news/february-events-at-the-campus	article(wave2)
/en/home/news/matchday---march-2017.html	/news/matchday-march-2017	article(wave2)
/en/home/news/college-matchday-2-17-17.html	/news/college-matchday-2-17-17	article(wave2)
/en/home/news/usa-defeats-germany-.html	/news/usa-defeats-germany	article(wave2)
/en/home/news/matchday---stanford-vs--osu-preview.html	/news/matchday-stanford-vs-osu-preview	article(wave2)
/en/home/news/national-campus--january-roundup-.html	/news/national-campus-january-roundup	article(wave2)
/en/home/news/experience-the-pro-circuit.html	/news/experience-the-pro-circuit	article(wave2)
/en/home/news/playsight-coming-to-campus.html	/news/playsight-coming-to-campus	article(wave2)
/en/home/news/college-matchday-2-3-17.html	/news/college-matchday-2-3-17	article(wave2)
/en/home/news/campus-spotlight.html	/news/campus-spotlight	article(wave2)
/en/home/news/quite-an-honor.html	/news/quite-an-honor	article(wave2)
/en/home/news/matchday---unc-vs-tt-preview.html	/news/matchday-unc-vs-tt-preview	article(wave2)
/en/home/news/register-today-at-the-campus.html	/news/register-today-at-the-campus	article(wave2)
/en/home/news/first-pro-circuit-event-on-campus.html	/news/first-pro-circuit-event-on-campus	article(wave2)
/en/home/news/collegiate-schedule-gets-underway.html	/news/collegiate-schedule-gets-underway	article(wave2)
/en/home/news/orlando-professional-tennis-series-jan--15-22.html	/news/orlando-professional-tennis-series-jan-15-22	article(wave2)
/en/home/news/college-matchday-1-21-17.html	/news/college-matchday-1-21-17	article(wave2)
/en/home/news/usta-florida-jan--13-15.html	/news/usta-florida-jan-13-15	article(wave2)
/en/home/news/usta-florida-results-1-8-17.html	/news/usta-florida-results-1-8-17	article(wave2)
/en/home/news/national-campus-ushers-in-new-era-for-american-tennis.html	/news/national-campus-ushers-in-new-era-for-american-tennis	article(wave2)
/en/home/news/sign-up-to-enjoy-usta-programs.html	/news/sign-up-to-enjoy-usta-programs	article(wave2)
/en/home/news/craving-the-open-house.html	/news/craving-the-open-house	article(wave2)
/en/home/news/first-serve-captures-attention.html	/news/first-serve-captures-attention	article(wave2)
/en/home/news/enjoyingthecourts.html	/news/enjoyingthecourts	article(wave2)
/en/home/news/first-tournament.html	/news/first-tournament	article(wave2)
/en/home/news/we-are-open-.html	/news/we-are-open	article(wave2)
/en/home/news/in-the-news-1-3-17.html	/news/in-the-news-1-3-17	article(wave2)
/en/home/news/get-ready-for-a-brand-new-tennis-experience.html	/news/get-ready-for-a-brand-new-tennis-experience	article(wave2)
/en/home/news/50--off-court-bookings-jan--2-8.html	/news/50-off-court-bookings-jan-2-8	article(wave2)
/en/home/news/time-for-a-parade.html	/news/time-for-a-parade	article(wave2)
/en/home/news/watch-tomorrow_s-stars-today-at-the-usta-national-campus.html	/news/watch-tomorrow-s-stars-today-at-the-usta-national-campus	article(wave2)
/en/home/news/visit-the-usta-national-campus-open-house.html	/news/visit-the-usta-national-campus-open-house	article(wave2)
/en/home/news/introducing-the-new-nationalcampus-com.html	/news/introducing-the-new-nationalcampus-com	article(wave2)
/en/home/news/making-headlines.html	/news/making-headlines	article(wave2)
/en/home/news/court-prices-released-for--usta-national-campus.html	/news/court-prices-released-for-usta-national-campus	article(wave2)
/en/home/news/raise-your-game-at-the-pro--shop-and-raquet-bar.html	/news/raise-your-game-at-the-pro-shop-and-raquet-bar	article(wave2)
/en/home/news/open-house.html	/news/open-house	article(wave2)
/en/home/news/2017-usta-college-matchday--at-the-national-campus.html	/news/2017-usta-college-matchday-at-the-national-campus	article(wave2)
/en/home/news/top-talents-to-serve---as-teaching-pros.html	/news/top-talents-to-serve-as-teaching-pros	article(wave2)
/en/home/news/introducing---the-nemours-family-zone.html	/news/introducing-the-nemours-family-zone	article(wave2)
/en/home/news/tips-for-better--match-play.html	/news/tips-for-better-match-play	article(wave2)
/en/home/news/guest-health-certification---usta-national-campus.html	/news/guest-health-certification-usta-national-campus	article(wave2)
/en/home/news/new-usta-national-campus-partnership--a-victory-for-tennis.html	/news/new-usta-national-campus-partnership-a-victory-for-tennis	article(wave2)
/en/home/news/question---answer--usta-national-campus-update.html	/news/question-answer-usta-national-campus-update	article(wave2)
/en/home/news/usta-national-campus-partners-with-playsight---highlighting-inno.html	/news/usta-national-campus-partners-with-playsight-highlighting-inno	article(wave2)
/news/holiday-hours	/about/holiday-hours	redirect (source 302s the news URL to the about URL)
